date,stipe_length,bulb_diam,blade_width,sori_num,re_sori_num,absd_sori_num,epiph_1,epiph_2,epiph_3,notes
4/18/2018,nd,nd,nd,1,0,7,nd,nd,nd,
4/18/2018,nd,nd,nd,2,0,5,nd,nd,nd,
4/27/2018,nd,nd,nd,2,0,9,nd,nd,nd,
4/27/2020,nd,nd,nd,2,0,9,nd,nd,nd,
4/28/2018,nd,nd,nd,3,0,8,nd,nd,nd,
4/30/2018,nd,nd,nd,3,0,9,nd,nd,nd,
4/30/2018,nd,nd,nd,6,0,12,nd,nd,nd,
4/30/2018,nd,nd,nd,3,0,9,nd,nd,nd,
4/30/2018,nd,nd,nd,4,0,6,nd,nd,nd,
4/30/2018,nd,nd,nd,4,0,11,nd,nd,nd,
4/30/2018,nd,nd,nd,4,0,9,nd,nd,nd,
4/30/2018,nd,nd,nd,2,0,8,nd,nd,nd,
4/30/2018,nd,nd,nd,0,0,7,nd,nd,nd,
4/30/2018,nd,nd,nd,2,0,nd,nd,nd,nd,
4/30/2018,nd,nd,nd,2,0,nd,nd,nd,nd,
4/30/2018,nd,nd,nd,2,0,10,nd,nd,nd,
4/30/2018,nd,nd,nd,3,0,10,nd,nd,nd,
4/30/2018,nd,nd,nd,3,0,10,nd,nd,nd,
4/30/2018,nd,nd,nd,2,0,7,nd,nd,nd,
4/30/2018,nd,nd,nd,2,0,nd,nd,nd,nd,
4/30/2018,nd,nd,nd,3,0,6,nd,nd,nd,
4/30/2018,nd,nd,nd,3,0,7,nd,nd,nd,
4/30/2018,nd,nd,nd,2,0,6,nd,nd,nd,
4/30/2018,nd,nd,nd,3,0,nd,nd,nd,nd,
5/6/2018,nd,nd,5.7,2,1,7,nd,nd,nd,
5/8/2018,185,nd,nd,0,0,0,none,none ,none,
5/9/2018,nd,nd,11.5,2,0,0,none,none,none,
5/9/2018,nd,nd,4.2,4,0,4,none,none,none,
5/9/2018,nd,nd,7.1,3,0,0,Py,none,none,
5/9/2018,nd,nd,8.5,3,0,0,none,none,none,
5/9/2018,nd,nd,8.5,3,0,0,none,none,none,
5/9/2018,nd,nd,9.3,2,0,0,none,none,none,
5/9/2018,nd,nd,4.5,2,0,0,none,none,none,
5/9/2018,nd,nd,11.5,2,0,0,none,none,none,
5/9/2018,nd,nd,4.5,2,0,0,none,none,none,
5/10/2018,none,NA,NA,NA,NA,NA,NA,NA,NA,
5/11/2018,nd,nd,nd,3,0,11,nd,nd,nd,
5/11/2018,nd,nd,nd,2,0,12,nd,nd,nd,
5/11/2018,nd,nd,nd,2,0,12,nd,nd,nd,
5/11/2018,nd,nd,nd,2,0,0,nd,nd,nd,
5/11/2018,nd,nd,nd,3,0,0,nd,nd,nd,
5/11/2018,nd,nd,nd,2,0,0,nd,nd,nd,
5/11/2018,nd,nd,nd,2,0,0,nd,nd,nd,
5/12/2018,nd,nd,nd,2,0,0,nd,nd,nd,
5/12/2018,nd,nd,nd,2,0,0,nd,nd,nd,
5/12/2018,nd,nd,nd,2,0,0,nd,nd,nd,
5/12/2018,nd,nd,nd,2,0,0,nd,nd,nd,
5/12/2018,nd,nd,nd,2,0,0,nd,nd,nd,
5/12/2018,nd,nd,nd,2,0,0,nd,nd,nd,
5/12/2018,nd,nd,nd,2,0,0,nd,nd,nd,
5/12/2018,nd,nd,nd,2,0,0,nd,nd,nd,
5/12/2018,nd,nd,nd,2,0,0,nd,nd,nd,
5/12/2018,nd,nd,nd,2,0,0,nd,nd,nd,
5/12/2018,nd,nd,nd,2,0,0,nd,nd,nd,
5/12/2018,nd,nd,nd,2,0,0,nd,nd,nd,
5/12/2018,nd,nd,nd,2,0,0,nd,nd,nd,
5/12/2018,nd,nd,nd,2,0,0,nd,nd,nd,
5/12/2018,nd,nd,nd,2,0,0,nd,nd,nd,
5/12/2018,nd,nd,nd,2,0,0,nd,nd,nd,
5/12/2018,nd,nd,nd,2,0,0,nd,nd,nd,
5/12/2018,nd,nd,nd,2,0,0,nd,nd,nd,
5/12/2018,nd,nd,nd,2,0,0,nd,nd,nd,
5/12/2018,nd,nd,nd,2,0,0,nd,nd,nd,
5/12/2018,nd,nd,nd,2,0,0,nd,nd,nd,
5/12/2018,nd,nd,nd,2,0,0,nd,nd,nd,
5/12/2018,nd,nd,nd,2,0,0,nd,nd,nd,
5/12/2018,nd,nd,nd,2,0,0,nd,nd,nd,
5/12/2018,nd,nd,nd,2,0,0,nd,nd,nd,
5/12/2018,nd,nd,nd,2,0,0,nd,nd,nd,
5/12/2018,nd,nd,nd,2,0,0,nd,nd,nd,
5/12/2018,nd,nd,nd,2,0,0,nd,nd,nd,
5/12/2018,nd,nd,nd,2,0,0,nd,nd,nd,
5/12/2018,nd,nd,nd,2,0,0,nd,nd,nd,
5/12/2018,nd,nd,nd,2,0,0,nd,nd,nd,
5/12/2018,nd,nd,nd,2,0,0,nd,nd,nd,
5/12/2018,nd,nd,nd,2,0,0,nd,nd,nd,
5/12/2018,nd,nd,nd,2,0,0,nd,nd,nd,
5/12/2018,nd,nd,nd,2,0,0,nd,nd,nd,
5/12/2018,nd,nd,nd,2,0,0,nd,nd,nd,
5/12/2018,nd,nd,nd,2,0,0,nd,nd,nd,
5/12/2018,nd,nd,nd,2,0,0,nd,nd,nd,
5/12/2018,nd,nd,nd,2,0,0,nd,nd,nd,
5/12/2018,nd,nd,nd,2,0,0,nd,nd,nd,
5/12/2018,nd,nd,nd,2,0,0,nd,nd,nd,
5/12/2018,nd,nd,nd,2,0,0,nd,nd,nd,
5/12/2018,nd,nd,nd,2,0,0,nd,nd,nd,
5/12/2018,nd,nd,nd,2,0,0,nd,nd,nd,
5/12/2018,nd,nd,nd,2,0,0,nd,nd,nd,
5/12/2018,nd,nd,nd,2,0,0,nd,nd,nd,
5/12/2018,nd,nd,nd,2,0,0,nd,nd,nd,
5/12/2018,nd,nd,nd,2,0,0,nd,nd,nd,
5/12/2018,nd,nd,nd,2,0,0,nd,nd,nd,
5/12/2018,nd,nd,nd,2,0,0,nd,nd,nd,
5/12/2018,nd,nd,nd,2,0,0,nd,nd,nd,
5/12/2018,nd,nd,nd,2,0,0,nd,nd,nd,
5/12/2018,nd,nd,nd,2,0,0,nd,nd,nd,
5/12/2018,nd,nd,nd,2,0,0,nd,nd,nd,
5/12/2018,nd,nd,nd,2,0,0,nd,nd,nd,
5/12/2018,nd,nd,nd,2,0,0,nd,nd,nd,
5/12/2018,nd,nd,nd,2,0,0,nd,nd,nd,
5/12/2018,nd,nd,nd,2,0,0,nd,nd,nd,
5/12/2018,nd,nd,nd,2,0,0,nd,nd,nd,
5/12/2018,nd,nd,nd,2,0,0,nd,nd,nd,
5/12/2018,nd,nd,nd,2,0,0,nd,nd,nd,
5/12/2018,nd,nd,nd,2,0,0,nd,nd,nd,
5/12/2018,nd,nd,nd,2,0,0,nd,nd,nd,
5/12/2018,nd,nd,nd,2,0,0,nd,nd,nd,
5/12/2018,nd,nd,nd,2,0,0,nd,nd,nd,
5/12/2018,nd,nd,nd,2,0,0,nd,nd,nd,
5/12/2018,nd,nd,nd,2,0,0,nd,nd,nd,
5/12/2018,nd,nd,nd,2,0,0,nd,nd,nd,
5/12/2018,nd,nd,nd,2,0,0,nd,nd,nd,
5/12/2018,nd,nd,nd,2,0,0,nd,nd,nd,
5/12/2018,nd,nd,nd,2,0,0,nd,nd,nd,
5/12/2018,nd,nd,nd,2,0,0,nd,nd,nd,
5/12/2018,nd,nd,nd,2,0,0,nd,nd,nd,
5/12/2018,nd,nd,nd,2,0,0,nd,nd,nd,
5/12/2018,nd,nd,nd,2,0,0,nd,nd,nd,
5/12/2018,nd,nd,nd,2,0,0,nd,nd,nd,
5/12/2018,nd,nd,nd,2,0,0,nd,nd,nd,
5/12/2018,nd,nd,nd,2,0,0,nd,nd,nd,
5/12/2018,nd,nd,nd,2,0,0,nd,nd,nd,
5/12/2018,nd,nd,nd,2,0,0,nd,nd,nd,
5/12/2018,nd,nd,nd,3,0,0,nd,nd,nd,
5/12/2018,nd,nd,nd,3,0,0,nd,nd,nd,
5/12/2018,nd,nd,nd,3,0,0,nd,nd,nd,
5/12/2018,nd,nd,nd,3,0,0,nd,nd,nd,
5/12/2018,nd,nd,nd,3,0,0,nd,nd,nd,
5/12/2018,nd,nd,nd,3,0,0,nd,nd,nd,
5/12/2018,nd,nd,nd,1,0,0,nd,nd,nd,
5/12/2018,nd,nd,nd,1,0,0,nd,nd,nd,
5/12/2018,nd,nd,nd,2,1,0,nd,nd,nd,
5/14/2018,none,NA,NA,NA,NA,NA,NA,NA,NA,
5/15/2018,nd,nd,nd,2,0,0,nd,nd,nd,
5/15/2018,nd,nd,nd,2,0,0,nd,nd,nd,
5/15/2018,nd,nd,nd,2,0,0,nd,nd,nd,
5/15/2018,nd,nd,nd,2,0,0,nd,nd,nd,
5/15/2018,nd,nd,nd,2,0,0,nd,nd,nd,
5/15/2018,nd,nd,nd,2,0,0,nd,nd,nd,
5/15/2018,nd,nd,nd,2,0,0,nd,nd,nd,
5/16/2018,nd,nd,nd,2,0,0,nd,nd,nd,
5/16/2018,nd,nd,nd,2,0,0,nd,nd,nd,
5/16/2018,nd,nd,nd,2,0,0,nd,nd,nd,
5/16/2018,nd,nd,nd,2,0,0,nd,nd,nd,
5/16/2018,nd,nd,nd,2,0,0,nd,nd,nd,
5/16/2018,nd,nd,nd,2,0,0,nd,nd,nd,
5/16/2018,nd,nd,nd,2,0,0,nd,nd,nd,
5/16/2018,281,nd,3.5,0,0,0,none,none,none,
5/19/2018,none,NA,NA,NA,NA,NA,NA,NA,NA,
5/20/2018,none,NA,NA,NA,NA,NA,NA,NA,NA,
5/21/2018,nd,nd,nd,1,0,0,nd,nd,nd,
5/21/2018,nd,nd,nd,2,0,0,nd,nd,nd,
5/24/2018,nd,nd,nd,1,0,0,none,none,none,
5/24/2018,nd,nd,nd,2,0,0,none,none,none,
5/24/2018,nd,nd,nd,2,0,0,Py,none,none,
5/24/2018,nd,nd,nd,3,0,0,Py,none,none,
5/24/2018,nd,nd,nd,2,0,0,none,none,none,
5/24/2018,nd,nd,nd,2,0,0,Py,none,none,
5/24/2018,nd,nd,nd,2,0,0,Py,none,none,
5/24/2018,nd,nd,nd,2,0,0,Py,none,none,
5/24/2018,nd,nd,nd,2,0,0,Py,none,none,
5/25/2018,none,NA,NA,NA,NA,NA,NA,NA,NA,
5/26/2018,nd,nd,nd,3,0,0,An,none,none,
5/26/2018,nd,nd,nd,2,0,0,Py,none,none,
5/26/2018,nd,nd,nd,2,0,0,Py,An,none,
5/26/2018,nd,nd,nd,2,0,0,Py,none,none,
5/26/2018,nd,nd,nd,2,0,11,Py,none,none,
5/26/2018,nd,nd,nd,2,0,0,none,none,none,
5/26/2018,nd,nd,nd,3,0,0,Py,none,none,
5/27/2018,nd,nd,nd,3,0,0,none,none,none,
5/28/2018,none,NA,NA,NA,NA,NA,NA,NA,NA,
5/29/2018,nd,nd,nd,2,0,0,none,none,none,
6/11/2018,nd,nd,nd,2,0,0,none,none,none,
6/11/2018,nd,nd,nd,2,1,0,Py,none,none,
6/11/2018,nd,nd,nd,2,0,0,none,none,none,
6/11/2018,nd,nd,nd,2,0,0,Py,none,none,
6/12/2018,nd,nd,nd,2,0,0,none,none,none,
6/14/2018,nd,nd,nd,2,0,0,PY,none,none,
6/14/2018,none,NA,NA,NA,NA,NA,NA,NA,NA,
6/14/2018,187,nd,nd,0,0,0,none,none,none,
6/14/2018,329,nd,nd,0,0,0,none,none,none,
6/14/2018,266,nd,nd,0,0,0,none,none,none,
6/14/2018,190,nd,nd,0,0,0,none,none,none,
6/14/2018,190,nd,nd,0,0,0,none,none,none,
6/14/2018,190,nd,nd,0,0,0,none,none,none,
6/14/2018,298,nd,nd,0,0,0,none,none,none,
6/14/2018,296,nd,nd,0,0,0,none,none,none,
6/14/2018,nd,nd,nd,2,0,0,Py,none,none,
6/14/2018,nd,nd,nd,2,1,0,none,none,none,
6/14/2018,nd,nd,nd,2,0,0,Py,none,none,
6/15/2018,343,nd,3.5,0,0,0,none,none,none,
6/15/2018,nd,nd,nd,3,0,0,none,none,none,
6/15/2018,nd,nd,nd,2,0,0,Py,none,none,
6/15/2018,nd,nd,nd,2,0,0,An,none,none,
6/15/2018,nd,nd,nd,2,0,0,An,none,none,
6/15/2018,nd,nd,nd,2,0,0,none,none,none,
6/16/2018,205,nd,3.1,0,0,0,none,none,none,
6/16/2018,277,nd,4.2,0,0,0,none,none,none,
6/17/2018,163,nd,nd,0,0,0,none,none,none,
6/17/2018,181,nd,nd,0,0,0,none,none,none,
6/17/2018,274,nd,4.7,2,0,0,none,none,none,
6/17/2018,209,nd,nd,0,0,0,none,none,none,
6/17/2018,253,nd,nd,0,0,0,none,none,none,
6/17/2018,238,nd,nd,0,0,0,none,none,none,
6/17/2018,168,nd,nd,0,0,0,none,none,none,
6/17/2018,177,nd,5,2,0,0,none,none,none,
6/17/2018,192,nd,nd,0,0,0,none,none,none,
6/17/2018,182,nd,nd,0,0,0,none,none,none,
6/17/2018,186,nd,nd,0,0,0,none,none,none,
6/17/2018,226,nd,nd,2,0,0,none,none,none,
6/17/2018,269,nd,nd,2,0,0,none,none,none,
6/17/2018,nd,nd,nd,2,0,0,Py,none,none,
6/17/2018,nd,nd,nd,2,0,0,Py,none,none,
6/17/2018,nd,nd,nd,4,0,0,none,none,none,
6/17/2018,nd,nd,nd,2,0,0,Py,An,none,
6/17/2018,nd,nd,nd,2,0,0,Py,An,none,
6/17/2018,nd,nd,nd,2,0,0,none,none,none,
6/17/2018,nd,nd,nd,2,0,0,Py,none,none,
6/17/2018,nd,nd,nd,2,0,0,Py,An,none,
6/17/2018,nd,nd,nd,2,0,0,none,none,none,
6/17/2018,nd,nd,nd,2,0,0,An,none,none,
6/17/2018,nd,nd,nd,2,0,0,none,none,none,
6/17/2018,nd,nd,nd,2,0,0,An,none,none,
6/17/2018,nd,nd,nd,3,0,0,An,none,none,
6/17/2018,nd,nd,nd,2,0,0,Py,An,none,
6/17/2018,nd,nd,nd,2,0,0,An,none,none,
6/17/2018,nd,nd,nd,2,0,0,Py,none,none,
6/17/2018,nd,nd,nd,2,0,0,Py,none,none,
6/18/2018,nd,nd,nd,2,0,0,Py,none,none,
6/18/2018,nd,nd,nd,2,0,0,Py,none,none,
6/18/2018,215,nd,nd,0,0,0,none,none,none,
6/18/2018,184,nd,nd,0,0,0,none,none,none,
6/18/2018,196,nd,nd,0,0,0,none,none,none,
6/18/2018,176,nd,nd,0,0,0,none,none,none,
6/18/2018,194,nd,nd,0,0,0,none,none,none,
6/18/2018,207,nd,6,2,0,0,none,none,none,
6/19/2018,247,nd,nd,0,0,0,none,none,none,
6/19/2018,330,nd,5,1,0,0,none,none,none,
6/19/2018,565,nd,7,2,0,0,PY,An,none,
6/19/2018,304,nd,nd,2,0,0,Py,none,none,
6/19/2018,281,nd,4.3,2,0,0,none,none,none,
6/19/2018,nd,nd,nd,2,0,0,Py,none,none,
6/19/2018,nd,nd,6.1,1,0,0,none,none,none,
6/19/2018,nd,nd,nd,2,0,0,Py,An,none,
6/20/2018,nd,nd,nd,2,0,0,Py,none,none,
6/20/2018,nd,nd,nd,2,1,0,Py,none,none,
6/20/2018,nd,nd,nd,2,0,0,Py,none,none,
6/21/2018,none ,NA,NA,NA,NA,NA,NA,NA,NA,
6/22/2018,412,nd,9.3,2,1,6,Py,none,none,
6/22/2018,nd,nd,nd,2,0,8,none,none,none,
6/22/2018,nd,nd,nd,2,2,0,Py,none,none,
6/22/2018,nd,nd,4.4,1,0,0,none,none,none,
6/24/2018,none,NA,NA,NA,NA,NA,NA,NA,NA,
6/25/2018,nd,nd,nd,3,0,0,Py,none,none,
6/25/2018,nd,nd,5.5,2,0,5,none,none,none,
6/26/2018,214,nd,nd,0,0,0,none,none,none,
6/26/2018,nd,nd,nd,2,0,0,Py,none,none,
6/26/2018,nd,nd,4.7,2,0,0,none,none,none,
6/26/2018,nd,nd,nd,2,1,0,Py,none,none,
6/26/2018,nd,nd,nd,2,0,0,Py,none,none,
6/27/2018,234,nd,3.5,0,0,0,none,none,none,
6/29/2018,nd,nd,6.8,2,0,0,none,none,none,
6/30/2018,none,NA,NA,NA,NA,NA,NA,NA,NA,
7/1/2018,none,NA,NA,NA,NA,NA,NA,NA,NA,
7/2/2018,none,NA,NA,NA,NA,NA,NA,NA,NA,
7/3/2018,none,NA,NA,NA,NA,NA,NA,NA,NA,
7/4/2018,nd,nd,4.7,0,0,0,none,none,none,
7/4/2018,222,nd,4.7,0,0,0,none,none,none,
7/4/2018,251,nd,4.4,0,0,0,none,none,none,
7/4/2018,187,nd,5,0,0,0,none,none,none,
7/4/2018,218,nd,3.2,0,0,0,none,none,none,
7/4/2018,225,nd,4.6,0,0,0,none,none,none,
7/4/2018,298,nd,3.2,0,0,0,none,none,none,
7/4/2018,265,nd,5.5,0,0,0,none,none,none,
7/4/2018,209,nd,4,0,0,0,none,none,none,
7/4/2018,188,nd,4,0,0,0,none,none,none,
7/4/2018,241,nd,5.2,1,0,0,none,none,none,
7/4/2018,297,nd,4,0,0,0,none,none,none,
7/5/2018,130,nd,4.6,3,0,0,none,none,none,
7/5/2018,240,nd,5,0,0,0,none,none,none,
7/5/2018,495,nd,13.5,3,0,10,Py,An,Ba,
7/5/2018,250,nd,4.2,0,0,0,none,none,none,
7/5/2018,275,nd,2.4,0,0,0,none,none,none,
7/5/2018,284,nd,3.8,0,0,0,none,none,none,
7/7/2018,612,nd,nd,0,1,1,none,none,none,
7/7/2018,485,nd,5.4,0,0,0,none,none,none,
7/10/2018,none,NA,NA,NA,NA,NA,NA,NA,NA,
7/11/2018,none,NA,NA,NA,NA,NA,NA,NA,NA,
7/12/2018,226,6.1,nd,0,0,0,none,none,none,
7/12/2018,241,nd,6.2,2,0,1,none,none,none,
7/12/2018,191,nd,3.1,3,0,0,none,none,none,
7/12/2018,288,nd,5,2,0,0,none,none,none,
7/12/2018,238,nd,2.7,0,0,0,none,none,none,
7/12/2018,179,nd,5,0,0,0,none,none,none,
7/12/2018,207,nd,4,0,0,0,none,none,none,
7/12/2018,304,nd,11.1,2,1,0,Py,An,none,
7/12/2018,296,nd,3.8,0,0,0,none,none,none,
7/12/2018,276,nd,2.5,0,0,0,none,none,none,
7/12/2018,522,nd,6.7,1,0,0,none,none,none,
7/12/2018,401,nd,4,0,0,0,none,none,none,
7/12/2018,250,nd,4.2,2,0,0,none,none,none,Cluster 250-337
7/12/2018,337,nd,6.4,4,0,7,none,none,none,
7/12/2018,271,nd,6.2,0,0,0,none,none,none,
7/12/2018,174,nd,4.1,0,0,0,none,none,none,
7/12/2018,256,nd,5.8,2,0,3,Py,none,none,small epiphytes 
7/12/2018,245,nd,4.7,0,0,0,none,none,none,
7/12/2018,150,nd,4,0,0,0,none,none,none,Cluster 150-229
7/12/2018,229,nd,4.4,2,0,0,none,none,none,
7/12/2018,387,nd,5.2,0,0,0,none,none,none,
7/12/2018,150,nd,3.2,0,0,0,none,none,none,
7/12/2018,403,nd,2.5,0,0,0,none,none,none,
7/12/2018,331,nd,6.4,2,0,0,none,none,none,
7/12/2018,334,nd,7.2,2,0,0,none,none,none,
7/12/2018,286,nd,6.6,2,0,1,none,none,none,
7/12/2018,272,nd,4,0,0,0,none,none,none,
7/12/2018,286,nd,3.7,0,0,0,none,none,none,
7/12/2018,322,nd,3.5,0,0,0,none,none,none,
7/12/2018,347,nd,7.4,0,0,0,none,none,none,
7/12/2018,193,nd,2.5,0,0,0,none,none,none,
7/12/2018,204,nd,6.6,0,0,0,none,none,none,
7/12/2018,209,nd,5.8,1,0,0,none,none,none,
7/12/2018,189,nd,4.6,1,0,0,none,none,none,
7/12/2018,284,nd,6.4,3,0,0,none,none,none,
7/12/2018,262,nd,5.3,2,1,0,none,none,none,
7/12/2018,293,nd,7.6,2,0,0,none,none,none,
7/12/2018,170,nd,3.2,0,0,0,none,none,none,
7/12/2018,268,nd,3.2,0,0,0,none,none,none,
7/12/2018,341,nd,3.2,0,0,0,none,none,none,
7/12/2018,352,nd,3.6,0,0,0,none,none,none,
7/12/2018,189,nd,3.6,0,0,0,none,none,none,
7/12/2018,373,nd,2.8,0,0,0,none,none,none,
7/12/2018,257,nd,3.2,0,0,0,none,none,none,
7/12/2018,352,nd,3.7,0,0,0,none,none,none,
7/12/2018,204,nd,3.9,0,0,0,none,none,none,
7/12/2018,400,nd,7.2,2,0,0,none,none,none,
7/12/2018,146,nd,5,0,0,0,none,none,none,
7/12/2018,242,nd,4.7,0,0,0,none,none,none,
7/12/2018,225,nd,4.5,1,0,0,none,none,none,
7/12/2018,195,nd,3.9,0,0,0,none,none,none,
7/12/2018,296,nd,2.6,0,0,0,none,none,none,
7/12/2018,213,nd,2.1,0,0,0,none,none,none,
7/12/2018,203,nd,2.7,0,0,0,none,none,none,
7/12/2018,202,nd,3.7,0,0,0,none,none,none,
7/12/2018,370,nd,3,0,0,0,none,none,none,
7/12/2018,321,nd,3.4,0,0,0,none,none,none,
7/12/2018,428,nd,5.9,2,0,5,none,none,none,
7/12/2018,221,nd,2.9,0,0,0,none,none,none,
7/12/2018,156,nd,4.1,0,0,0,none,none,none,
7/12/2018,217,nd,4.6,0,0,0,none,none,none,
7/12/2018,370,nd,5.2,2,0,0,none,none,none,
7/12/2018,272,nd,3.1,0,0,0,none,none,none,
7/12/2018,339,nd,5.4,0,0,0,none,none,none,
7/12/2018,356,nd,3.5,0,0,0,none,none,none,
7/12/2018,193,nd,0.7,0,0,0,none,none,none,
7/12/2018,285,nd,3.1,0,0,0,none,none,none,
7/12/2018,242,nd,1.9,0,0,0,none,none,none,
7/12/2018,313,nd,2.2,0,0,0,none,none,none,
7/12/2018,316,nd,5.1,2,0,0,none,none,none,
7/12/2018,192,nd,3.2,0,0,0,none,none,none,
7/12/2018,228,nd,5.4,0,0,0,none,none,none,
7/12/2018,171,nd,3,0,0,0,none,none,none,
7/12/2018,186,nd,3,0,0,0,none,none,none,
7/12/2018,214,nd,5.7,0,0,0,none,none,none,
7/12/2018,251,nd,2,0,0,0,none,none,none,
7/12/2018,215,nd,5.9,3,0,0,none,none,none,
7/12/2018,329,nd,4.5,1,0,0,none,none,none,
7/12/2008,368,nd,6,2,0,0,none,none,none,
7/13/2018,187,4.1,nd,0,0,0,none,none,none,
7/13/2018,192,5,nd,0,0,0,none,none,none,
7/13/2018,267,5.7,nd,0,0,0,none,none,none,
7/13/2018,194,4.9,nd,0,0,0,none,none,none,
7/13/2018,222,nd,4.9,0,0,0,none,none,none,
7/13/2018,415,nd,4.9,2,0,0,none,none,none,
7/13/2018,456,nd,7.2,2,0,2,none,none,none,
7/13/2018,592,nd,8.2,1,0,4,Py,An,none,
7/13/2018,173,nd,2.5,0,0,0,none,none,none,
7/13/2018,245,nd,5,3,0,0,none,none,none,
7/13/2018,330,nd,8.3,2,0,6,Py,An,none,
7/13/2018,233,nd,5.4,2,0,1,none,none,none,
7/15/2018,236,nd,6.7,2,0,0,none,none,none,
7/15/2018,320,nd,5.2,2,0,0,none,none,none,
7/15/2018,186,nd,3,0,0,0,none,none,none,
7/16/2018,77,nd,8.3,2,0,0,none,none,none,attached to a rope
7/18/2018,206,5.8,3.5,0,0,0,none,none,none,
7/18/2018,335,nd,6.5,2,0,0,none,none,none,
7/18/2018,214,nd,3.6,0,0,0,none,none,none,
7/19/2018,271,nd,8.2,2,0,4,none,none,none,
7/21/2018,none,NA,NA,NA,NA,NA,NA,NA,NA,
7/22/2018,315,7.3,6,2,0,5,none,none,none,Cluster 315-184
7/22/2018,386,8.7,8.5,2,0,2,none,none,none,
7/22/2018,393,7.9,8.2,2,0,2,none,none,none,
7/22/2018,184,5,4.1,0,0,0,none,none,none,
7/22/2018,253,6.5,4.7,2,0,1,none,none,none,
7/25/2018,335,6.9,5.2,2,1,2,none,none,none,
7/25/2018,290,4.8,4.8,0,0,0,none,none,none,
7/26/2018,none,NA,NA,NA,NA,NA,NA,NA,NA,
7/27/2018,none,NA,NA,NA,NA,NA,NA,NA,NA,
7/28/2018,275,6.4,4,0,0,0,none,none,none,
7/28/2018,280,5.6,4.6,0,0,0,none,none,none,
7/28/2018,148,7,3.7,0,0,0,none,none,none,
7/28/2018,252,5.3,2.3,0,0,0,none,none,none,
7/29/2018,247,2.7,3.4,0,0,0,none,none,none,
7/29/2018,112,6.2,nd,0,0,0,none,none,none,
7/30/2018,382,7.3,9.2,3,0,3,none,none,none,
8/9/2018,533,7.5,7.5,2,0,4,none,none,none,
8/9/2018,307,6.1,6.4,1,0,0,none,none,none,
8/9/2018,288,4.8,2.7,0,0,0,none,none,none,
8/9/2018,220,6.3,5.6,2,0,0,none,none,none,
8/10/2018,612,7.9,13.2,3,0,13,Py,An,none,
8/11/2018,none,NA,NA,NA,NA,NA,NA,NA,NA,
8/12/2018,none,NA,NA,NA,NA,NA,NA,NA,NA,
8/13/2018,555,7.1,8.9,2,0,2,An,Di,none,
8/14/2018,315,5,4.7,1,0,0,none,none,none,
8/14/2018,249,7.2,4.7,1,1,3,none,none,none,
8/14/2018,288,6.8,4.6,0,0,0,none,none,none,
8/15/2018,222,3.2,4.7,0,0,0,none,none,none,
8/15/2018,183,3.9,nd,0,0,0,none,none,none,
8/15/2018,300,3.5,nd,0,0,0,none,none,none,
8/15/2018,286,5.8,2.5,2,0,2,none,none,none,
8/15/2018,280,5.4,nd,0,0,0,none,none,none,
8/15/2018,192,5.7,5.6,2,0,0,none,none,none,
8/15/2018,354,5.5,6.2,2,0,0,none,none,none,
8/15/2018,262,5.2,5.1,2,0,6,none,none,none,
8/15/2018,315,6,5.2,2,0,0,none,none,none,
8/15/2018,54,4.5,6.1,3,0,4,none,none,none,
8/15/2018,204,3.1,1.9,0,0,0,none,none,none,
8/15/2018,127,3.6,9.3,0,0,0,none,none,none,
8/15/2018,184,5.8,5.2,3,0,0,none,none,none,
8/15/2018,154,5.1,5,0,0,0,none,none,none,
8/15/2018,110,5,2.7,0,0,0,none,none,none,
8/15/2018,188,6.5,6.3,1,0,0,Po,none,none,
8/15/2018,667,7,6,2,0,2,An,none,none,
8/15/2018,542,6.3,3.9,0,0,0,none,none,none,
8/15/2018,261,6.7,5.6,2,0,1,none,none,none,
8/15/2018,224,8.6,7,2,0,0,none,none,none,
8/15/2018,177,5,3.4,0,0,0,none,none,none,
8/15/2018,142,4.6,2.8,0,0,0,none,none,none,
8/15/2018,381,5.4,6.3,2,0,3,none,none,none,
8/15/2018,440,8.9,8.3,2,0,0,Py,none,none,
8/15/2018,373,4.8,5.5,0,0,0,none,none,none,
8/15/2018,240,6.6,4.7,2,0,1,none,none,none,
8/15/2018,102,5.3,3.6,0,0,0,none,none,none,
8/15/2018,204,5.3,5,2,0,2,none,none,none,
8/15/2018,135,4.4,5.7,1,0,0,none,none,none,
8/15/2018,208,5.5,2.2,0,0,0,none,none,none,
8/15/2018,186,4.8,5.1,2,0,1,none,none,none,
8/15/2018,293,7,5.1,1,0,4,none,none,none,
8/15/2018,334,3.8,2.6,0,0,0,none,none,none,
8/15/2018,199,5.1,2.8,0,0,0,none,none,none,
8/16/2018,490,6.1,7.4,2,0,0,Po,none,none,"light, small epiphytes "
8/16/2018,188,4.8,5.5,2,0,0,none,none,none,
8/16/2018,334,4.3,5.2,2,0,3,none,none,none,
8/16/2018,195,5.1,3,0,0,0,none,none,none,
8/16/2018,229,8.1,6.3,2,0,0,none,none,none,heavy epiphytes
8/16/2018,443,7,5.2,2,0,0,none,none,none,
8/16/2018,178,5.9,3.9,0,0,0,none,none,none,
8/16/2018,204,4.7,3.5,0,0,0,none,none,none,
8/16/2018,498,6.5,6.4,1,0,0,none,none,none,
8/16/2018,564,6.6,1.9,0,0,0,none,none,none,
8/16/2018,780,8.8,10.5,2,0,2,none,none,none,
8/16/2018,282,6.6,5.5,2,0,2,Po,An,none,
8/16/2018,286,5.1,5.3,2,0,0,none,none,none,
8/16/2018,285,5.3,4.2,2,0,1,none,none,none,
8/16/2018,109,6.5,7.3,2,0,0,none,none,none,
8/17/2018,none,NA,NA,NA,NA,NA,NA,NA,NA,
8/19/2018,none,NA,NA,NA,NA,NA,NA,NA,NA,
8/20/2018,none,NA,NA,NA,NA,NA,NA,NA,NA,
8/21/2018,none,NA,NA,NA,NA,NA,NA,NA,NA,
8/25/2018,420,6.4,4.6,2,0,0,none,none,none,
8/26/2018,none,NA,NA,NA,NA,NA,NA,NA,NA,
9/5/2018,253,7.1,4.8,2,0,2,none,none,none,
9/6/2018,none,NA,NA,NA,NA,NA,NA,NA,NA,
9/7/2018,588,8.3,5.8,0,0,0,none,none,none,
9/8/2018,none,NA,NA,NA,NA,NA,NA,NA,NA,
9/9/2018,492,7.6,4.6,1,0,0,none,none,none,Cluster 492-425
9/9/2018,425,7.8,5.5,2,0,5,Py,An,none,small number of epiphytes
9/9/2018,560,5.5,2.9,0,0,0,none,none,none,
9/9/2018,427,9.1,5.5,3,0,4,none,none,none,
9/9/2018,155,7.4,4.7,2,0,0,Py,none,none,small number of epiphytes
9/10/2018,667,7.9,4.8,0,0,0,none,none,none,
9/10/2018,225,4.6,3.3,0,0,0,none,none,none,
9/10/2018,207,4.1,3.5,0,0,0,none,none,none,
9/10/2018,368,5.9,3.1,0,0,0,none,none,none,
9/10/2018,226,4.1,6.6,1,0,0,An,none,none,small epiphytes
9/10/2018,406,6.4,6,2,0,0,none,none,none,
9/11/2018,212,5.7,nd,0,0,0,none,none,none,
9/11/2018,738,9.2,5.9,0,0,0,none,none,none,
9/11/2018,396,9,6.2,2,1,0,none,none,none,
9/11/2018,438,6.7,4.7,0,0,0,Po,none,none,small epiphytes
9/11/2018,339,6,5.3,2,0,4,none,none,none,
9/11/2018,325,7.2,5.4,2,0,4,none,none,none,
9/11/2018,330,8.9,5.9,2,0,0,none,none,none,
9/11/2018,206,9.4,6.5,2,1,4,An,none,none,
9/11/2018,557,7,4.3,1,0,0,none,none,none,
9/11/2018,214,6,4.3,2,0,0,none,none,none,
9/11/2018,752,5.7,3.1,0,0,0,none,none,none,
9/11/2018,451,7.8,4.9,2,1,0,none,none,none,
9/11/2018,223,8.1,5.7,3,0,0,none,none,none,
9/11/2018,173,9.3,5.6,2,0,2,Py,none,none,a few small epiphytes
9/11/2018,452,5.3,5.3,2,0,2,none,none,none,
9/11/2018,231,7.1,5.6,2,0,0,none,none,none,
9/11/2018,305,6.7,5.3,2,0,2,none,none,none,
9/11/2018,312,2.3,4.4,1,0,1,none,none,none,
9/11/2018,326,8.1,5.3,2,0,1,none,none,none,
9/11/2018,300,5.3,5.3,1,0,0,none,none,none,
9/11/2018,262,5.2,5.2,1,0,1,none,none,none,
9/11/2018,358,8.8,7.2,1,0,1,Py,An,none,
9/11/2018,385,8.8,4.9,2,0,2,none,none,none,
9/11/2018,352,6.9,4.7,0,0,0,none,none,none,
9/11/2018,130,7.5,5.6,2,0,2,none,none,none,
9/12/2018,288,4.7,1.5,0,0,0,none,none,none,
9/12/2018,295,4.4,nd,0,0,0,none,none,none,
9/12/2018,931,7,8.2,1,0,0,none,none,none,
9/12/2018,268,5.4,4.6,1,0,0,none,none,none,
9/12/2018,917,7.4,4.9,0,0,0,none,none,none,
9/12/2018,265,8,7.1,2,0,12,none,none,none,
9/12/2018,575,8.3,6.6,2,0,0,none,none,none,
9/12/2018,578,7.3,7.5,0,0,0,none,none,none,
9/12/2018,420,8.1,8.7,2,0,3,none,none,none,
9/13/2018,814,7.3,5.3,0,0,0,none,none,none,
9/13/2018,318,7.7,4.8,3,0,3,none,none,none,
9/13/2018,401,8.6,5.1,3,0,0,none,none,none,
9/13/2018,485,7.8,3.7,0,0,0,Py,none,none,one small epiphyte 
9/13/2018,374,7,3.2,0,0,0,Py,none,none,"a few, small epiphytes"
9/13/2018,168,8,5.6,1,0,0,none,none,none,
9/13/2018,495,6.8,7.8,2,0,2,none,none,none,
9/13/2018,872,7.3,6.4,2,0,2,none,none,none,
9/13/2018,898,8.1,7.1,2,0,0,none,none,none,
9/13/2018,1051,9.3,8,2,0,2,none,none,none,
9/13/2018,1099,5.2,6.3,0,0,0,none,none,none,
9/13/2018,1089,8.3,7.7,2,0,2,none,none,none,
9/13/2018,907,7.4,6.1,2,0,0,none,none,none,
9/13/2018,631,8,6.4,2,0,2,none,none,none,
9/13/2018,916,6.7,5.8,3,0,0,none,none,none,
9/13/2018,374,7.8,7.7,2,0,2,none,none,none,
9/13/2018,319,7,6.6,2,0,2,none,none,none,
9/13/2018,735,7.2,1.7,0,0,0,none,none,none,
9/13/2018,237,6.8,3.9,0,0,0,none,none,none,
9/15/2018,333,5.1,3.4,0,0,0,none,none,none,
9/15/2018,1045,8.6,6.9,2,0,2,none,none,none,
9/15/2018,413,7.2,6.4,2,0,0,none,none,none,
9/15/2018,951,8.6,6.8,2,0,0,none,none,none,
9/15/2018,299,6.2,7,3,0,2,none,none,none,
9/15/2018,185,8.6,4.9,2,0,3,none,none,none,
9/16/2018,818,9,8.6,2,0,0,none,none,none,
9/16/2018,1092,7.7,10.4,1,0,1,An,Ba,none,"Heavy epiphytes, BA on lower stipe"
9/16/2018,449,7.6,8.5,3,0,4,none,none,none,on Ls stipe
9/16/2018,701,8.9,6.5,3,0,1,Py,none,none,small epiphytes
9/16/2018,694,7.1,6.3,2,0,1,none,none,none,
9/16/2018,262,6.1,5.6,2,0,5,none,none,none,Cluster 262-280
9/16/2018,326,8,6.5,2,0,7,Py,none,none,small epiphytes
9/16/2018,316,7.9,5.3,2,0,8,Py,none,none,small epiphytes
9/16/2018,280,7.3,4.8,2,0,4,Py,none,none,small epiphytes
9/16/2018,207,7,5.7,2,0,2,Py,none,none,"Cluster 207-241, small epiphytes"
9/16/2018,241,7.6,3.9,0,0,0,Py,none,none,small epiphytes
9/16/2018,312,7.4,4.1,0,0,0,none,none,none,
9/17/2018,none,NA,NA,NA,NA,NA,NA,NA,NA,
9/18/2018,497,8.1,6.6,2,0,2,none,none,none,
9/19/2018,none,NA,NA,NA,NA,NA,NA,NA,NA,
9/20/2018,none,NA,NA,NA,NA,NA,NA,NA,NA,
9/22/2018,none,NA,NA,NA,NA,NA,NA,NA,NA,
9/23/2018,none,NA,NA,NA,NA,NA,NA,NA,NA,
9/24/2018,185,3.7,nd,0,0,0,none,none,none,
9/24/2018,601,"7,2",3.2,0,0,0,none,none,none,
9/24/2018,267,8.4,5.4,2,0,2,none,none,none,
9/24/2018,316,8.1,5.8,2,0,0,none,none,none,
9/24/2018,350,6,2.2,0,0,0,none,none,none,
9/24/2018,249,6.3,4.1,0,0,0,none,none,none,Cluster 249-286
9/24/2018,254,4.3,5.5,0,0,0,none,none,none,
9/24/2018,326,8.1,6.5,2,0,4,none,none,none,
9/24/2018,327,7.5,6.2,2,0,0,none,none,none,
9/24/2018,286,7.7,6.5,2,0,2,none,none,none,
9/24/2018,453,5.5,6,0,0,0,none,none,none,
9/24/2018,428,4.4,5.6,0,0,0,Py,none,none,small epiphytes
9/24/2018,505,6.9,4.9,0,0,0,none,none,none,
9/24/2018,294,8.5,5.8,2,0,2,none,none,none,
9/24/2018,274,8.3,5.1,2,0,5,none,none,none,
9/24/2018,419,7.3,4.8,2,0,0,none,none,none,
9/24/2018,214,7,5.2,2,0,1,none,none,none,
9/24/2018,285,8.2,3.3,2,0,3,none,none,none,
9/24/2018,193,7.2,5.4,2,0,2,none,none,none,
9/24/2018,857,5.2,3,0,0,0,none,none,none,
9/24/2018,339,6.9,4.6,2,0,8,none,none,none,
9/24/2018,543,8.7,6.4,2,0,0,none,none,none,
9/24/2018,425,7,6.4,1,0,7,none,none,none,
9/24/2018,361,6,5.8,2,0,1,none,none,none,
9/24/2018,447,6.6,4.4,2,0,2,none,none,none,
9/24/2018,349,7.2,5,2,0,2,none,none,none,
9/24/2018,187,8,4.5,0,0,0,none,none,none,
9/24/2018,371,6.3,5.2,2,0,6,none,none,none,
9/24/2018,270,6,3.4,1,0,1,none,none,none,
9/24/2018,418,7.4,5,2,0,5,none,none,none,
9/25/2018,274,4,nd,0,0,0,none,none,none,
9/26/2018,427,5.5,6.2,2,0,2,none,none,none,
9/26/2018,347,7,6.2,2,0,0,none,none,none,
9/26/2018,356,5.9,3.9,2,0,2,none,none,none,
9/26/2018,273,5.4,nd,0,0,0,none,none,none,
9/27/2018,414,7.3,6.1,4,0,2,Py,none,none,
9/28/2018,515,5.9,4.7,0,0,0,none,none,none,
9/28/2018,344,4.9,nd,0,0,0,none,none,none,
9/28/2018,345,6,5.6,2,0,2,Po,none,none,
9/28/2018,489,6,7.8,3,0,3,Po,none,none,
9/28/2018,335,6.4,5.1,2,0,4,none,none,none,
9/28/2018,138,5.6,5.5,1,0,6,Po,none,none,
9/28/2018,338,7.6,4.2,1,0,5,none,none,none,
9/28/2018,389,5.8,4.8,2,0,3,Po,none,none,
9/28/2018,338,5.8,3.5,2,0,3,none,none,none,
9/28/2018,420,6.1,4.4,2,0,5,none,none,none,
9/28/2018,619,6.3,8,2,0,2,Po,An,none,
9/28/2018,280,4.3,6.1,2,0,4,none,none,none,
9/28/2018,353,4.8,4,3,0,2,none,none,none,
9/28/2018,438,5.6,5.7,2,0,4,none,none,none,
9/28/2018,274,4.5,7,1,0,5,none,none,none,
9/28/2018,425,6.9,5.6,2,0,0,none,none,none,
9/28/2018,247,6.1,5,2,0,0,none,none,none,
9/28/2018,287,4.6,4.9,2,0,2,none,none,none,
9/28/2018,325,5.8,4.9,2,0,1,none,none,none,Cluster 325-524
9/28/2018,294,4.7,6,1,0,0,none,none,none,
9/28/2018,524,6.9,5.3,2,0,4,none,none,none,
9/28/2018,268,4.4,6.4,2,0,0,none,none,none,
9/28/2018,415,6.4,5.5,2,0,4,Po,none,none,
9/28/2018,480,5.6,nd,0,0,0,none,none,none,
9/28/2018,396,7.3,5.1,2,0,1,none,none,none,
9/28/2018,455,5.3,8,2,0,2,none,none,none,
9/28/2018,320,6.4,3.8,1,0,0,none,none,none,
9/28/2018,395,6.9,4.4,2,0,9,Po,none,none,
9/28/2018,204,6.6,5.4,2,0,8,Po,none,none,
9/28/2018,271,7.3,4.8,2,0,4,Ul,none,none,
9/28/2018,279,6.3,3.9,2,0,3,none,none,none,
9/28/2018,333,7.4,3.7,2,0,9,none,none,none,
9/28/2018,161,6.2,4.9,2,0,5,none,none,none,
9/28/2018,413,6.9,6.9,2,0,4,none,none,none,
9/28/2018,215,6.3,3.5,2,0,1,none,none,none,
9/28/2018,435,5.6,5.1,0,0,0,none,none,none,
9/28/2018,265,5.5,5.8,2,0,5,none,none,none,
9/28/2018,216,6,4.2,2,0,7,Py,Po,none,
9/28/2018,489,8.4,7.2,2,0,2,none,none,none,
9/28/2018,75,4.6,3.3,3,0,1,none,none,none,
9/28/2018,269,6,7.5,2,0,2,Po,none,none,
9/28/2018,557,5.7,6.8,1,0,2,Po,none,none,
9/29/2018,285,7.5,3.8,3,0,7,none,none,none,
9/29/2018,612,6.7,3.3,0,0,0,none,none,none,
9/29/2018,376,7.3,5.6,2,0,5,none,none,none,
9/29/2018,184,7,3.6,2,0,4,none,none,none,
9/30/2018,559,6.9,6.8,2,0,8,Po,none,none,
10/1/2018,418,6.1,3.2,0,0,0,none,none,none,
10/1/2018,174,5,3.5,1,0,4,none,none,none,
10/1/2018,622,8.9,7.1,2,0,2,none,none,none,
10/1/2018,974,8.6,5.5,2,0,2,none,none,none,
10/1/2018,354,5.9,5.9,2,0,6,none,none,none,
10/1/2018,228,5.8,5.4,2,0,3,none,none,none,
10/1/2018,288,6.8,4.8,2,0,6,none,none,none,
10/1/2018,267,8.9,4.8,2,0,8,none,none,none,
10/1/2018,354,5.1,3.7,2,0,0,none,none,none,
10/2/2018,355,3.7,3.7,2,0,11,none,none,none,
10/2/2018,287,5.5,5.3,2,0,6,none,none,none,
10/2/2018,496,6.9,6.4,2,0,5,none,none,none,
10/2/2018,295,5.7,3.4,0,0,0,none,none,none,
10/2/2018,463,7.3,4.6,2,0,5,none,none,none,
10/2/2018,345,8.4,5.2,2,0,11,none,none,none,
10/2/2018,757,6.8,8.9,1,0,0,none,none,none,
10/2/2018,423,8,6.3,2,0,8,Po,none,none,
10/2/2018,466,8.6,6.4,3,0,2,none,none,none,
10/2/2018,645,6.7,6.1,2,0,6,none,none,none,
10/2/2018,196,5.3,6,2,0,4,none,none,none,
10/2/2018,336,8.4,4.6,2,0,0,none,none,none,
10/2/2018,163,7,4.2,2,0,1,none,none,none,
10/2/2018,419,7.2,5.8,2,0,6,none,none,none,
10/2/2018,1229,7.2,4.8,0,0,0,none,none,none,
10/2/2018,440,7.6,6.5,3,0,1,none,none,none,
10/2/2018,651,9.5,6.1,3,0,1,none,none,none,
10/2/2018,1157,7.8,6.5,3,0,6,none,none,none,
10/3/2018,477,5.8,5.2,3,0,5,none,none,none,
10/3/2018,187,4.7,6.7,3,0,3,none,none,none,
10/3/2018,163,7,7,2,0,5,Py,Po,Ul,
10/3/2018,952,8.9,6.4,2,1,2,none,none,none,
10/4/2018,697,7.7,6.7,1,0,1,none,none,none,
10/4/2018,427,6.2,5.2,3,0,5,Po,none,none,small epiphytes
10/4/2018,243,6,4,3,0,6,Po,none,none,small epiphytes
10/4/2018,653,7.9,6.2,2,1,0,none,none,none,
10/4/2018,272,9.4,5.3,2,0,5,Py,Po,none,
10/4/2018,244,5.8,3,0,0,0,Py,none,none,
10/4/2018,332,7.8,4.4,2,0,10,none,none,none,
10/4/2018,365,6.9,6.4,2,0,7,none,none,none,
10/4/2018,451,7.6,4.3,0,0,0,none,none,none,
10/4/2018,216,5.3,3.7,0,0,0,none,none,none,
10/4/2018,292,4.7,2.5,0,0,0,none,none,none,
10/4/2018,205,4.6,2.9,0,0,0,none,none,none,
10/4/2018,237,5.1,2.8,0,0,0,none,none,none,
10/5/2018,284,7.1,4.3,2,2,0,none,none,none,
10/5/2018,191,5.7,5.4,2,0,2,Cy,Po,Ul,
10/5/2018,287,8.1,4.4,2,0,2,none,none,none,
10/5/2018,366,6.7,7.1,2,0,5,none,none,none,
10/5/2018,371,7.3,7.2,2,0,8,none,none,none,
10/5/2018,245,9.1,6.1,2,0,1,none,none,none,
10/6/2018,293,5.4,2,0,0,0,none,none,none,
10/6/2018,437,7.1,5.8,2,0,8,Py,none,none,small epiphytes 
10/6/2018,400,6.5,7.5,3,0,5,none,none,none,
10/6/2018,309,6.9,4.2,2,0,4,none,none,none,
10/6/2018,370,9.2,5.6,2,0,4,none,none,none,
10/6/2018,350,5.8,7,2,0,11,none,none,none,
10/6/2018,236,6.4,2.4,0,0,0,none,none,none,
10/6/2018,447,5.5,2.6,0,0,0,none,none,none,
10/7/2018,313,8.6,5.3,2,1,4,none,none,none,
10/7/2018,901,9.1,6.1,2,1,0,none,none,none,Cluster 901-951
10/7/2018,792,6.9,2.1,0,0,0,none,none,none,
10/7/2018,951,8,4.1,0,0,0,none,none,none,
10/7/2018,493,9,7.1,2,1,2,Po,none,none,
10/7/2018,316,8,5.6,2,0,1,An,none,none,small epiphytes
10/7/2018,276,7.5,5,2,0,1,none,none,none,
10/7/2018,465,8.2,5.8,2,0,4,An,none,none,
10/7/2018,671,8.2,5.1,1,0,0,none,none,none,
10/7/2018,444,7.5,5.5,3,0,6,none,none,none,
10/7/2018,533,7.6,4.9,2,0,4,none,none,none,
10/7/2018,440,7.4,6.2,2,0,2,none,none,none,
10/7/2018,209,6.5,4.8,2,2,2,none,none,none,
10/7/2018,455,6.2,4.5,0,0,0,none,none,none,
10/7/2018,425,7.4,5.3,4,0,4,none,none,none,
10/7/2018,366,9,5.7,2,0,2,none,none,none,
10/7/2018,643,8,5.7,2,1,1,none,none,none,
10/7/2018,336,6,4.8,3,1,5,none,none,none,
10/7/2018,256,9.5,5.2,2,0,3,none,none,none,
10/7/2018,410,7.6,4.2,2,0,6,none,none,none,
10/7/2018,443,0,5.3,2,0,3,none,none,none,no enlarged bulb
10/7/2018,435,7,5.3,3,0,5,none,none,none,
10/7/2018,483,9.1,5.6,2,0,4,none,none,none,
10/7/2018,359,6.3,5.6,2,0,2,none,none,none,
10/7/2018,228,6.5,4.4,3,0,10,none,none,none,
10/7/2018,273,6.7,5.9,2,1,8,none,none,none,
10/7/2018,392,8.6,7,2,0,4,none,none,none,
10/7/2018,308,7.6,5.1,2,1,4,none,none,none,
10/7/2018,384,8.7,4.4,2,0,6,none,none,none,
10/7/2018,311,7.5,8.3,2,0,4,none,none,none,
10/7/2018,364,8.9,5.6,2,1,0,none,none,none,
10/7/2018,266,7.6,5,2,1,9,none,none,none,
10/7/2018,621,7.8,5.9,2,1,4,none,none,none,
10/8/2018,370,6.7,5.5,2,1,10,none,none,none,
10/8/2018,575,6.4,6.5,2,0,3,none,none,none,
10/9/2018,286,5.6,2.6,0,0,0,none,none,none,
10/9/2018,286,7.7,3.1,0,0,0,none,none,none,
10/9/2018,275,6.5,5.5,2,0,2,none,none,none,
10/9/2018,294,6.4,4.9,2,0,2,none,none,none,
10/9/2018,254,5.6,2.1,0,0,0,none,none,none,
10/9/2018,379,8.8,5,0,0,0,none,none,none,
10/9/2018,331,5.6,3.2,0,0,0,Po,none,none,
10/9/2018,338,8.3,3.7,0,0,0,none,none,none,
10/9/2018,340,6.6,4.3,2,0,4,none,none,none,
10/9/2018,525,7.3,5.1,2,1,4,none,none,none,
10/10/2018,268,5.7,2.6,0,0,0,none,none,none,
10/10/2018,314,6.4,2.4,0,0,0,none,none,none,
10/10/2018,410,5.9,3.3,2,0,1,none,none,none,
10/10/2018,518,5.3,3.7,0,0,0,none,none,none,Cluster 518-454
10/10/2018,454,5.7,3.7,0,0,0,none,none,none,
10/10/2018,547,5.5,5.5,2,0,2,none,none,none,
10/11/2018,657,6.6,3.7,0,0,0,none,none,none,
10/11/2018,285,5.2,2.9,0,0,0,none,none,none,
10/12/2018,none,NA,NA,NA,NA,NA,NA,NA,NA,
10/13/2018,none,NA,NA,NA,NA,NA,NA,NA,NA,
10/14/2018,none,NA,NA,NA,NA,NA,NA,NA,NA,
10/16/2018,251,6.3,4.4,1,0,0,none,none,none,
10/16/2018,209,3.1,nd,0,0,0,none,none,none,
10/17/2018,none,NA,NA,NA,NA,NA,NA,NA,NA,
10/18/2018,350,6.2,5.3,2,0,3,none,none,none,
10/18/2018,339,6.1,6.8,2,0,3,none,none,none,
10/18/2018,293,5.5,3.7,2,0,9,none,none,none,
10/18/2018,391,6.5,6.2,2,0,8,none,none,none,
10/18/2018,336,6.9,4.6,2,0,9,none,none,none,
10/18/2018,346,8.5,5,2,0,6,none,none,none,
10/18/2018,387,6.4,4.3,2,0,2,none,none,none,
10/18/2018,333,7.4,4.4,3,0,8,none,none,none,
10/18/2018,279,5,2.6,0,0,0,none,none,none,
10/19/2018,255,5,2.4,0,0,0,none,none,none,
10/19/2018,330,7.9,5.3,2,0,6,none,none,none,
10/19/2018,370,8.3,3.6,2,0,10,none,none,none,
10/19/2018,356,6.5,5.3,2,0,4,none,none,none,
10/19/2018,320,8.7,8.6,2,0,8,none,none,none,
10/19/2018,211,8.4,5.6,2,0,8,none,none,none,
10/19/2018,361,9.6,5.1,2,0,6,none,none,none,
10/19/2018,418,8.1,4.3,2,0,4,none,none,none,
10/19/2018,466,7,4.2,2,0,5,none,none,none,
10/19/2018,228,7.8,4.1,2,0,6,none,none,none,
10/19/2018,422,6.7,4.2,3,0,4,none,none,none,
10/19/2018,389,6,5,2,0,5,none,none,none,
10/19/2018,343,7.2,4.6,2,0,9,none,none,none,
10/19/2018,443,6.7,4.2,3,0,4,none,none,none,
10/19/2018,410,7,5.1,2,0,4,none,none,none,
10/19/2018,319,6.6,4,2,0,2,none,none,none,
10/19/2018,356,7.9,4,2,0,3,none,none,none,
10/19/2018,456,7.7,3.9,0,0,0,none,none,none,
10/19/2018,335,6.5,4.8,3,0,7,none,none,none,
10/20/2018,none ,NA,NA,NA,NA,NA,NA,NA,NA,
10/21/2018,33,5.1,2.8,0,0,0,none,none,none,
10/21/2018,669,6.9,5.7,2,0,0,none,none,none,
10/24/2018,273,5.6,2.8,0,0,0,none,none,none,
10/24/2018,227,6.3,2.5,0,0,0,none,none,none,
10/24/2018,228,5.7,4.2,2,0,4,none,none,none,
10/24/2018,281,6.4,4.1,2,0,7,none,none,none,
10/24/2018,1375,7.9,3,0,0,0,none,none,none,
10/24/2018,675,9.4,4.5,2,0,1,none,none,none,
10/24/2018,316,6.9,4.1,1,0,4,none,none,none,Cluster 316-258
10/24/2018,254,7.2,2.8,2,0,0,none,none,none,
10/24/2018,311,6.3,3,2,0,7,none,none,none,
10/24/2018,258,7,3.3,2,1,6,none,none,none,
10/24/2018,247,8.8,3.4,3,0,7,none,none,none,
10/24/2018,726,9.4,5.5,2,0,2,none,none,none,
10/24/2018,214,8,4.3,0,0,5,none,none,none,
10/24/2018,278,7,4.8,2,0,7,none,none,none,
10/24/2018,452,7.6,4.8,2,0,6,none,none,none,
10/25/2018,763,8.3,5.3,2,0,6,none,none,none,
10/25/2018,433,7.3,3.2,0,0,0,Po,none,none,
10/25/2018,455,7.5,4.4,2,0,3,none,none,none,
10/26/2018,462,7.1,3.6,1,0,6,none,none,none,
10/26/2018,407,9.7,5.5,2,1,3,none,none,none,
10/26/2018,222,5.8,4.6,2,0,3,none,none,none,
10/26/2018,466,7.4,4.8,2,1,0,none,none,none,
10/27/2018,337,4.9,2.4,0,0,0,none,none,none,
10/27/2018,279,7,3.1,1,0,3,none,none,none,
10/27/2018,276,5.7,2.4,0,0,0,none,none,none,
10/27/2018,450,8.6,5.1,3,0,11,none,none,none,
10/27/2018,212,7.5,4.9,0,0,0,none,none,none,
10/27/2018,595,6,2,0,0,0,none,none,none,
10/27/2018,244,4,nd,0,0,0,none,none,none,
10/28/2018,347,8.3,4.8,2,0,6,none,none,none,
10/28/2018,979,7.5,5.2,1,0,6,none,none,none,
10/28/2018,1181,9,6.1,2,0,3,none,none,none,
10/28/2018,862,4.6,5.9,2,0,5,none,none,none,
10/28/2018,469,9.6,5,1,0,5,none,none,none,
10/28/2018,534,8.7,5.2,2,0,4,none,none,none,
10/28/2018,1765,12.5,7.4,2,0,1,none,none,none,
10/28/2018,880,6.6,5.6,2,0,3,none,none,none,
10/28/2018,536,9.5,4.9,2,0,1,none,none,none,Cluster 536-631
10/28/2018,631,7.8,4.9,2,0,1,none,none,none,
10/28/2018,495,9.2,6.2,2,0,4,none,none,none,Cluster 495-506
10/28/2018,506,10.2,5.3,2,0,4,none,none,none,
10/28/2018,621,8.3,5,2,0,1,none,none,none,
10/28/2018,1178,6.5,2.7,0,0,0,none,none,none,
10/28/2018,1288,6.2,3.2,0,0,0,none,none,none,
10/28/2018,721,7.6,4.5,2,0,2,none,none,none,
10/28/2018,693,6.2,5.8,2,0,4,none,none,none,
10/28/2018,481,10.5,5.8,0,0,0,none,none,none,
10/28/2018,1262,7.2,4,0,0,0,none,none,none,
10/29/2018,189,8.9,3.1,2,0,9,none,none,none,
10/29/2018,1119,10.1,3,0,0,0,none,none,none,
10/29/2018,566,7.6,3.6,0,0,0,Po,none,none,
10/29/2018,182,6.7,2.4,1,0,0,Py,none,none,
10/29/2018,124,4.9,2.6,0,0,0,none,none,none,
10/30/2018,375,5,2.5,0,0,0,none,none,none,
10/31/2018,561,7.7,4.3,2,0,0,none,none,none,
10/31/2018,424,5.2,3.1,0,0,0,none,none,none,
11/1/2018,none,NA,NA,NA,NA,NA,NA,NA,NA,
11/2/2018,1122,5.2,4.2,2,0,3,none,none,none,
11/3/2018,308,6,4,1,0,0,none,none,none,
11/3/2018,427,9.7,4,2,0,10,none,none,none,
11/3/2018,318,5.8,3.6,2,0,5,none,none,none,
11/4/2018,none,NA,NA,NA,NA,NA,NA,NA,NA,
11/5/2018,278,5.2,3.1,2,0,6,none,none,none,
11/5/2018,361,7.9,3.9,2,0,5,Po,none,none,
11/5/2018,640,6.7,2.4,0,0,0,none,none,none,
11/5/2018,359,7.1,3.3,2,0,6,none,none,none,
11/5/2018,438,5.3,2.8,2,0,10,none,none,none,
11/5/2018,234,5.9,3.8,2,0,2,none,none,none,
11/5/2018,481,7.3,3.8,2,0,5,none,none,none,
11/5/2018,511,6.8,5.1,3,0,6,Po,none,none,
11/5/2018,478,7.4,4.5,2,1,7,Po,none,none,
11/5/2018,361,6.1,3.2,2,0,6,none,none,none,
11/7/2018,195,6.2,2.4,0,0,0,none,none,none,
11/7/2018,402,9,3.4,2,0,6,none,none,none,
11/7/2018,392,6.7,2.7,3,0,7,Py,none,none,
11/7/2018,419,7.2,3.5,3,0,6,Po,none,none,
11/7/2018,557,5.1,4,3,0,0,none,none,none,
11/7/2018,429,7.7,3.3,2,0,8,none,none,none,
11/7/2018,345,6.7,4.4,2,0,5,none,none,none,
11/7/2018,346,6.4,3,0,0,0,none,none,none,
11/7/2018,392,6.8,3.3,2,0,7,none,none,none,
11/7/2018,361,9.8,5.6,2,0,7,Po,none,none,
11/7/2018,286,7.9,3.5,2,0,6,none,none,none,
11/7/2018,460,7,4.9,2,0,4,none,none,none,
11/7/2018,426,7.2,4.1,2,0,6,none,none,none,
11/7/2018,344,9.1,4.2,0,0,3,none,none,none,
11/7/2018,420,5.7,4.4,3,0,5,none,none,none,
11/7/2018,358,7.3,3.5,2,0,6,none,none,none,
11/7/2018,514,10,3.6,3,0,5,Po,none,none,
11/7/2018,236,7.8,3.3,2,0,5,none,none,none,
11/7/2018,431,5.7,2.7,0,0,0,none,none,none,
11/7/2018,322,6.9,3.1,0,0,8,none,none,none,
11/7/2018,456,5.3,3.5,2,0,5,none,none,none,
11/7/2018,301,9.2,3,0,0,5,none,none,none,
11/7/2018,333,6.7,3.2,2,0,2,none,none,none,
11/7/2018,403,8.1,3.9,2,0,8,none,none,none,
11/7/2018,317,5.9,3.4,0,0,0,none,none,none,
11/7/2018,382,7.3,3.1,0,0,3,none,none,none,
11/7/2018,429,5.6,3.7,3,0,3,none,none,none,
11/7/2018,387,7.1,5,2,0,7,none,none,none,
11/7/2018,416,5.8,2.4,0,0,0,none,none,none,
11/7/2018,454,6.8,3.7,2,0,8,none,none,none,
11/7/2018,285,7,5.2,2,0,5,none,none,none,
11/7/2018,413,7.2,5.2,2,0,5,Po,none,none,Cluster 413-393
11/7/2018,393,7.2,3.7,2,0,7,Py,Po,none,
11/7/2018,329,7.6,3.5,2,0,6,none,none,none,
11/7/2018,382,5.7,3,0,0,0,none,none,none,
11/7/2018,448,6.5,4.8,2,0,4,none,none,none,
11/7/2018,335,5.8,2.5,0,0,0,none,none,none,
11/7/2018,210,5.4,3.2,2,0,3,none,none,none,
11/8/2018,360,5.1,3.9,0,0,0,none,none,none,
11/8/2018,247,6.5,2.6,0,0,1,none,none,none,
11/8/2018,209,6,2.9,0,0,0,none,none,none,Cluster 209-305
11/8/2018,209,6.4,2.9,0,0,4,none,none,none,
11/8/2018,256,7.3,2.7,0,0,7,none,none,none,
11/8/2018,305,7.8,4.1,2,0,4,none,none,none,
11/9/2018,none,NA,NA,NA,NA,NA,NA,NA,NA,
11/11/2018,480,6.7,3.3,0,0,0,none,none,none,
11/12/2018,600,5.7,3.2,2,0,7,none,none,none,
11/12/2018,580,7.8,4.2,2,0,8,Po,none,none,
11/13/2018,645,6.1,3,3,0,6,none,none,none,
11/15/2018,353,7.4,3.8,2,0,5,Py,none,none,
11/15/2018,381,6.2,3.4,2,0,8,none,none,none,
11/15/2018,387,5.3,2.2,2,0,4,none,none,none,
11/16/2018,353,6.6,3,1,0,0,none,none,none,
11/16/2018,405,5.9,1.8,0,0,0,none,none,none,
11/16/2018,558,5.1,2.9,2,1,6,none,none,none,
11/17/2018,none,NA,NA,NA,NA,NA,NA,NA,NA,
11/26/2018,none,NA,NA,NA,NA,NA,NA,NA,NA,
11/27/2018,293,6.8,3.5,3,0,6,none,none,none,
11/27/2018,1017,6.9,4.1,2,0,7,none,none,none,
11/28/2018,482,8.3,3.4,1,0,3,Po,An,none,heavy epiphytes
11/28/2018,290,8.4,2.4,2,1,3,none,none,none,
11/28/2018,615,7.8,7.1,2,0,5,none,none,none,
11/28/2018,502,7.8,3.8,2,0,5,none,none,none,
11/28/2018,715,6.8,3.9,1,0,4,none,none,none,
11/28/2018,957,6.2,4,2,0,4,none,none,none,
11/28/2018,936,7.3,3.9,3,0,3,none,none,none,
11/28/2018,764,6.4,3.3,2,0,7,none,none,none,
11/28/2018,730,8,3.5,2,0,1,Po,none,none,
11/28/2018,737,7.8,3.5,1,1,0,Po,none,none,
11/28/2018,1107,7.7,3.2,2,0,6,none,none,none,
11/28/2018,810,7.6,5.8,2,0,4,none,none,none,
11/28/2018,725,8.4,5.1,2,0,3,none,none,none,
11/28/2018,762,5.4,3.5,1,1,3,none,none,none,
11/29/2018,1115,6.7,6,2,0,6,none,none,none,
11/29/2018,801,7.9,4,2,0,8,none,none,none,
11/29/2018,720,6.9,4.2,1,0,3,none,none,none,
11/30/2018,933,7.7,4.4,2,1,3,none,none,none,
11/30/2018,741,7.3,4.3,2,0,5,none,none,none,
11/30/2018,227,8.9,2.6,0,0,2,none,none,none,
11/30/2018,334,7.1,4.3,2,0,8,none,none,none,
11/30/2018,284,8.2,4.3,2,1,10,none,none,none,
11/30/2018,319,7.6,4.7,2,0,4,none,none,none,Cluster 319-290
11/30/2018,290,7.9,3.2,2,0,7,none,none,none,
11/30/2018,259,8.6,3.9,2,0,5,none,none,none,
11/30/2018,733,9.6,4,3,0,4,none,none,none,
11/30/2018,440,7.8,3.5,2,1,4,none,none,none,
11/30/2018,507,5.8,2.9,3,0,8,none,none,none,
12/1/2018,623,5.1,1.8,0,0,0,none,none,none,
12/1/2018,418,5.1,3,2,0,7,none,none,none,
12/1/2018,666,7.5,3.8,2,0,10,none,none,none,
12/1/2018,1035,7.4,4.6,2,0,2,none,none,none,
12/1/2018,1117,7.1,3.2,2,0,11,none,none,none,
12/1/2018,671,7.9,3.4,2,0,5,none,none,none,
12/1/2018,362,7.3,5.1,2,0,12,none,none,none,
12/1/2018,968,8,4.1,2,0,4,none,none,none,
12/1/2018,225,7.6,3.7,0,0,1,none,none,none,
12/1/2018,359,7,4.6,2,0,6,none,none,none,
12/1/2018,440,5.9,4.1,2,0,7,none,none,none,
12/1/2018,1008,7.6,6,1,0,10,none,none,none,
12/1/2018,735,7.6,4.7,2,0,10,none,none,none,
12/1/2018,497,9.1,4.3,2,0,6,none,none,none,
12/1/2018,937,7.3,5.2,2,0,6,none,none,none,
12/1/2018,733,8.3,4.7,2,0,5,none,none,none,
12/1/2018,784,7.8,5.2,2,0,9,none,none,none,
12/1/2018,886,8.4,5.6,2,0,7,none,none,none,
12/1/2018,359,6.7,4.1,1,0,4,none,none,none,
12/1/2018,785,8.3,4.7,2,0,6,none,none,none,
12/1/2018,298,7.4,3.5,2,0,7,none,none,none,
12/2/2018,418,7.1,3.8,2,0,5,An,none,none,
12/2/2018,421,9.1,3.4,2,0,3,none,none,none,
12/2/2018,559,6.7,3.7,2,0,9,none,none,none,
12/2/2018,602,8.4,3.4,2,0,5,none,none,none,
12/2/2018,492,8.2,3.2,2,0,5,none,none,none,
12/2/2018,333,7.7,4.1,2,0,4,Po,none,none,
12/2/2018,411,7.6,3.4,2,0,5,none,none,none,
12/2/2018,385,8.2,3.8,2,0,5,none,none,none,
12/2/2018,408,9.4,4.5,2,0,9,none,none,none,
12/2/2018,353,6.7,4.2,1,0,5,none,none,none,
12/2/2018,307,8.7,3.7,2,0,2,An,none,none,
12/2/2018,205,8.1,1.5,0,0,0,Po,none,none,
12/2/2018,242,8.6,4.1,2,0,1,none,none,none,
12/2/2018,967,8.4,4.6,1,0,7,none,none,none,
12/2/2018,485,6.9,3.3,2,1,4,Py,none,none,Cluster 485-493
12/2/2018,493,6,3.2,2,0,7,Py,none,none,
12/2/2018,624,6.7,3.4,2,0,6,none,none,none,
12/2/2018,318,6,2.3,0,0,0,none,none,none,Cluster 318-240
12/2/2018,304,6.4,2.6,1,0,6,none,none,none,
12/2/2018,240,6.5,2.6,0,0,0,none,none,none,
12/2/2018,447,8.8,5.8,3,0,6,Py,An,none,
12/2/2018,261,8.1,2.4,1,0,7,none,none,none,
12/2/2018,529,8.1,4.1,2,0,2,Py,An,none,
12/2/2018,371,8.3,2.6,0,0,0,none,none,none,
12/2/2018,398,5.2,3.5,2,0,4,none,none,none,
12/2/2018,904,6.6,3.6,2,0,2,none,none,none,
12/2/2018,425,8.3,4.4,2,0,6,none,none,none,
12/2/2018,1030,6.7,5.5,2,0,6,none,none,none,
12/2/2018,343,7.4,4.1,2,0,6,none,none,none,Cluster 343-334
12/2/2018,334,6.9,4.6,2,0,5,none,none,none,
12/2/2018,640,8.8,2.5,0,0,1,none,none,none,
12/2/2018,461,7.7,2.2,2,0,5,none,none,none,
12/2/2018,455,9,5.4,2,0,1,none,none,none,
12/2/2018,1216,7.1,1.5,0,0,0,none,none,none,
12/2/2018,358,0,3.1,2,0,8,none,none,none,
12/2/2018,550,7.2,4.3,3,0,7,none,none,none,
12/2/2018,251,6.7,2.4,0,0,0,none,none,none,
12/2/2018,288,7.2,3.6,2,0,9,none,none,none,
12/2/2018,244,9.2,2.9,0,0,0,Po,An,none,
12/3/2018,none,NA,NA,NA,NA,NA,NA,NA,NA,
12/4/2018,none,NA,NA,NA,NA,NA,NA,NA,NA,
12/5/2018,none,NA,NA,NA,NA,NA,NA,NA,NA,
12/6/2018,none,NA,NA,NA,NA,NA,NA,NA,NA,
12/7/2018,none,NA,NA,NA,NA,NA,NA,NA,NA,
12/8/2018,none,NA,NA,NA,NA,NA,NA,NA,NA,
12/9/2018,none,NA,NA,NA,NA,NA,NA,NA,NA,
12/10/2018,none,NA,NA,NA,NA,NA,NA,NA,NA,
12/11/2018,none,NA,NA,NA,NA,NA,NA,NA,NA,
12/12/2018,477,7.9,2.6,0,1,1,none,none,none,
12/12/2018,304,7.5,2.1,2,0,7,none,none,none,Cluster 304-354
12/12/2018,364,8.8,2.4,3,0,1,none,none,none,
12/12/2018,354,8.5,2.6,1,0,7,none,none,none,
12/12/2018,752,7.7,2.2,0,0,0,none,none,none,
12/12/2018,923,8.1,3.1,2,0,5,none,none,none,
12/12/2018,613,7.8,3.8,1,1,7,none,none,none,
12/12/2018,1208,7.6,4.4,1,0,5,none,none,none,
12/12/2018,940,6.9,2.2,0,0,0,none,none,none,
12/12/2018,1012,8.1,3,1,0,4,none,none,none,
12/12/2018,833,7.4,5.3,2,0,4,none,none,none,
12/12/2018,528,8.3,3.4,2,0,8,Po,none,none,
12/12/2018,884,7.8,5.3,2,0,4,Py,none,none,
12/12/2018,224,8.1,3.1,2,0,5,none,none,none,
12/13/2018,611,7.7,4,1,1,6,none,none,none,
12/13/2018,540,6.9,3,2,0,11,none,none,none,
12/13/2018,400,6.5,3.7,1,0,6,none,none,none,
12/13/2018,1039,6.5,3.9,2,0,6,none,none,none,
12/14/2018,none,NA,NA,NA,NA,NA,NA,NA,NA,
12/15/2018,571,8.1,2.1,1,0,5,none,none,none,
12/15/2018,752,7.2,3.3,2,0,5,none,none,none,
12/15/2018,293,7.6,2.9,1,0,4,none,none,none,
12/15/2018,769,5.9,2.1,2,0,5,none,none,none,
12/15/2018,589,8.6,3.4,2,0,7,Py,none,none,
12/15/2018,564,5.4,3.5,2,0,9,none,none,none,
12/15/2018,1139,5.6,3.8,1,1,9,none,none,none,
12/15/2018,1074,6.3,4.1,2,0,9,none,none,none,
12/15/2018,405,6.9,2.7,1,1,0,none,none,none,
12/15/2018,830,6.8,3.9,0,0,0,none,none,none,
12/15/2018,359,6.1,3.6,1,0,7,none,none,none,
12/15/2018,663,8,2.7,1,0,5,none,none,none,
12/15/2018,1057,6,5.1,2,0,2,none,none,none,
12/15/2018,301,9.5,4.1,2,0,5,none,none,none,
12/15/2018,892,6.5,3.1,2,0,7,none,none,none,
12/15/2018,446,9.4,2.5,0,0,3,none,none,none,
12/15/2018,608,8.4,3.1,0,0,6,none,none,none,
12/15/2018,1317,8.4,3.1,0,0,0,An,none,none,
12/15/2018,1034,7.9,2.6,1,1,2,none,none,none,
12/15/2018,901,8.3,5.6,2,0,6,none,none,none,
12/15/2018,585,7.2,2.1,0,0,0,none,none,none,
12/15/2018,1294,5.6,5,2,0,7,none,none,none,
1/7/2019,718,8.3,2.8,3,0,6,Py,none,none,
1/7/2019,697,9.3,3.8,0,0,4,Py,none,none,
1/7/2019,525,7,3.3,1,0,3,none,none,none,
1/7/2019,556,7.3,3.2,0,0,2,none,none,none,
1/7/2019,338,6.6,2.8,2,0,5,none,none,none,
1/7/2019,494,8.6,2.8,0,0,1,none,none,none,
1/7/2019,656,7.4,2.9,0,0,0,none,none,none,
1/7/2019,520,9.5,3.1,0,0,0,none,none,none,
1/7/2019,513,8.5,3.7,2,0,4,none,none,none,
1/7/2019,689,6.6,3,1,1,6,none,none,none,
1/7/2019,391,7.8,3.1,0,0,2,none,none,none,
1/7/2019,1058,9.3,4.1,2,0,3,An,none,none,
1/7/2019,406,7.7,3,1,1,5,none,none,none,
1/7/2019,274,10.2,2.2,0,0,0,none,none,none,
1/7/2019,207,7.1,4.6,0,0,2,none,none,none,
1/7/2019,752,6.3,4.4,2,1,6,none,none,none,
1/7/2019,690,7.1,3.7,2,0,7,none,none,none,
1/7/2019,417,6.3,3.3,3,0,5,none,none,none,
1/7/2019,593,8.8,3,0,1,1,none,none,none,
1/8/2019,897,7.8,4.9,2,0,6,Py,none,none,
1/8/2019,298,7.1,2.2,0,0,0,Po,none,none,
1/9/2019,none,NA,NA,NA,NA,NA,NA,NA,NA,
1/10/2019,none,NA,NA,NA,NA,NA,NA,NA,NA,
1/11/2019,none,NA,NA,NA,NA,NA,NA,NA,NA,
1/12/2019,none,NA,NA,NA,NA,NA,NA,NA,NA,
1/13/2019,none,NA,NA,NA,NA,NA,NA,NA,NA,
1/14/2019,none,NA,NA,NA,NA,NA,NA,NA,NA,
1/15/2019,none,NA,NA,NA,NA,NA,NA,NA,NA,
1/16/2019,none,NA,NA,NA,NA,NA,NA,NA,NA,
1/17/2019,none,NA,NA,NA,NA,NA,NA,NA,NA,
1/18/2019,none,NA,NA,NA,NA,NA,NA,NA,NA,
1/19/2019,none,NA,NA,NA,NA,NA,NA,NA,NA,
1/20/2019,none,NA,NA,NA,NA,NA,NA,NA,NA,
1/21/2019,347,7.4,2.9,0,0,0,none,none,none,
1/22/2019,none,NA,NA,NA,NA,NA,NA,NA,NA,
1/23/2019,none,NA,NA,NA,NA,NA,NA,NA,NA,
1/24/2019,333,7.6,2.6,0,0,0,none,none,none,
1/25/2019,none,NA,NA,NA,NA,NA,NA,NA,NA,
1/26/2019,639,8.4,2.8,2,0,8,Po,none,none,
1/27/2019,none,NA,NA,NA,NA,NA,NA,NA,NA,
1/28/2019,407,6.7,3.1,3,0,8,none,none,none,
1/28/2019,323,6.8,2.9,1,0,2,none,none,none,
1/28/2019,489,7.4,3.2,1,0,4,Po,An,none,
1/28/2019,235,6.4,2.5,0,0,2,none,none,none,
1/28/2019,434,8.2,2.7,2,0,2,Py,An,none,
1/28/2019,642,4.5,3.2,1,1,8,none,none,none,
1/28/2019,223,8.3,2.1,0,0,1,none,none,none,
1/29/2019,none,NA,NA,NA,NA,NA,NA,NA,NA,
1/30/2019,1436,6.6,3.1,0,0,0,none,none,none,
1/30/2019,388,7.3,4.1,2,0,5,none,none,none,
1/31/2019,455,8.6,2.5,2,0,7,none,none,none,
1/31/2019,290,7.1,3.3,0,0,0,none,none,none,
2/1/2018,559,7.3,2.7,2,1,6,none,none,none,
2/1/2019,420,7.9,2.7,2,0,5,none,none,none,
2/2/2019,1246,7.2,4.6,2,1,0,none,none,none,
2/2/2019,1392,7.5,2.6,0,0,0,none,none,none,
2/2/2019,369,8.2,3,1,1,3,none,none,none,
2/2/2019,646,6.8,3.5,2,0,8,none,none,none,
2/2/2019,694,9.5,3.3,2,1,6,none,none,none,
2/2/2019,1324,6.1,4.3,2,0,1,none,none,none,
2/2/2019,1513,7.3,4,2,0,3,none,none,none,
2/3/2019,441,7.2,3.2,1,1,0,none,none,none,
2/3/2019,279,9.7,2.2,0,1,0,none,none,none,
2/3/2019,330,6.9,2.6,1,1,4,none,none,none,
2/3/2019,317,8,2.2,0,1,3,none,none,none,
2/3/2019,360,9.1,2.2,0,0,0,none,none,none,
2/3/2019,448,7.2,3.6,2,0,0,none,none,none,
2/3/2019,404,8.1,2.5,2,0,8,none,none,none,
2/3/2019,349,7.4,4,2,0,5,none,none,none,
2/3/2019,304,7.5,2.8,2,0,4,none,none,none,
2/3/2019,582,7,2.6,0,0,0,none,none,none,
2/3/2019,403,9.5,4.2,1,0,0,Po,none,none,
2/3/2019,899,5.6,2.5,2,1,5,none,none,none,
2/3/2019,381,8.7,3,2,0,3,none,none,none,
2/4/2019,408,7.2,2.4,1,0,3,none,none,none,
2/4/2019,794,7.7,4,0,0,0,none,none,none,
2/4/2019,301,6.4,2.5,0,0,0,none,none,none,
2/4/2019,366,7.4,2.8,2,0,7,none,none,none,
2/4/2019,443,7.5,3.4,0,0,0,none,none,none,
2/4/2019,543,6.7,3.2,1,1,3,none,none,none,
2/4/2019,611,6.3,4.4,2,0,5,none,none,none,
2/4/2019,373,7.9,2.2,2,1,5,none,none,none,Cluster 373-294
2/4/2019,294,7.2,3,0,0,1,none,none,none,
2/4/2019,431,5.6,1.4,0,0,0,none,none,none,
2/4/2019,433,9.4,3.4,2,1,4,none,none,none,
2/4/2019,300,6.4,2.7,0,0,1,none,none,none,
2/4/2019,490,8.1,4.1,2,0,5,none,none,none,
2/4/2019,491,7.6,2.2,1,0,3,none,none,none,
2/4/2019,430,9.4,3.8,2,0,6,none,none,none,
2/5/2019,487,8.1,2.7,2,0,7,Py,none,none,
2/5/2019,408,6.7,5.7,2,0,7,Py,Po,none,
2/5/2019,389,7.9,3.4,2,0,7,Py,none,none,
2/5/2019,391,7,2.4,0,0,0,none,none,none,
2/5/2019,587,8.2,2.2,0,0,1,none,none,none,
2/5/2019,400,6.7,2,0,0,0,Py,none,none,
2/5/2019,383,8.1,2.8,1,0,3,none,none,none,
2/5/2019,429,7.4,3,2,0,5,none,none,none,
2/5/2019,491,6.2,2.4,0,0,0,none,none,none,
2/5/2019,641,9.7,4.5,2,0,7,Py,none,none,
2/5/2019,590,7.8,3.5,0,0,0,none,none,none,
2/5/2019,1000,7.7,5.2,2,0,7,none,none,none,
2/5/2019,549,7.1,4,2,0,6,Py,none,none,
2/5/2019,278,7.3,3,2,0,5,Py,none,none,
2/5/2019,420,6.7,2.3,0,0,0,none,none,none,
2/5/2019,446,8.7,3.6,0,0,0,none,none,none,
2/5/2019,789,8.1,2.2,0,0,0,none,none,none,
2/5/2019,547,8.2,3,2,0,4,Py,none,none,
2/5/2019,535,7.1,3.5,0,0,0,none,none,none,
2/5/2019,509,6.4,1.7,0,0,0,none,none,none,
2/5/2019,231,8.7,2.8,1,0,3,none,none,none,
2/5/2019,218,9.2,2.6,1,0,0,none,none,none,
2/5/2019,319,7.8,3,2,0,5,none,none,none,
2/5/2019,333,7.6,4.3,2,0,3,none,none,none,
2/5/2019,515,8.8,5.2,2,0,6,none,none,none,
2/5/2019,722,8.3,3.5,0,0,0,Py,An,none,
2/5/2019,389,8.1,3.2,2,0,4,Py,none,none,
2/5/2019,878,6.9,3.5,2,0,9,PY,none,none,
2/5/2019,309,8.9,3.2,1,0,0,none,none,none,
2/6/2019,1531,9.3,5.7,2,0,0,none,none,none,
2/6/2019,685,7.3,2.4,0,0,0,none,none,none,
2/6/2019,710,7.2,3.1,2,0,5,none,none,none,Cluster 710-715
2/6/2019,715,9.6,3.7,2,0,3,Py,Po,none,
2/6/2019,370,7.3,2.4,2,0,9,none,none,none,
2/6/2019,477,8.1,3.1,1,0,6,none,none,none,
2/7/2019,245,8.1,3.1,2,0,6,none,none,none,
2/7/2019,333,7.1,2.5,0,0,0,none,none,none,
2/7/2019,655,7.2,2.7,0,0,0,none,none,none,
2/7/2019,249,8.1,2.5,2,1,0,none,none,none,
2/7/2019,360,8.5,2.8,2,0,8,none,none,none,
2/7/2019,378,8.9,3.2,2,1,4,none,none,none,
2/7/2019,480,6.6,3.9,2,1,11,Py,none,none,
2/7/2019,481,8,4.4,1,1,7,none,none,none,
2/7/2019,297,6.3,2.8,0,0,0,none,none,none,
2/7/2019,188,7.7,4.5,2,0,6,none,none,none,
2/7/2019,421,7.8,3,1,0,1,none,none,none,
2/8/2019,286,6.1,3.5,1,1,6,none,none,none,
2/8/2019,329,7,4.2,2,0,4,none,none,none,
2/8/2019,359,8.9,4.2,2,0,5,none,none,none,
2/8/2019,269,8.5,2.8,2,1,3,none,none,none,
2/8/2019,304,7.5,2.3,0,0,0,none,none,none,
2/8/2019,484,7.7,2.6,0,1,0,none,none,none,
2/9/2019,249,6.7,2.4,0,0,1,none,none,none,
2/10/2019,250,9.2,1.6,0,0,0,none,none,none,
2/10/2019,151,7.2,2.2,1,0,0,none,none,none,
2/10/2019,434,8.2,6.3,2,0,5,none,none,none,
2/10/2019,397,7.1,2.6,0,0,1,none,none,none,
2/11/2019,381,9.6,3.3,2,0,5,none,none,none,
2/12/2019,440,nd,3.3,2,0,5,none,none,none,
2/13/2019,none,NA,NA,NA,NA,NA,NA,NA,NA,
2/14/2019,none,NA,NA,NA,NA,NA,NA,NA,NA,
2/15/2019,none,NA,NA,NA,NA,NA,NA,NA,NA,
2/16/2019,none,NA,NA,NA,NA,NA,NA,NA,NA,
2/17/2019,793,6.7,3.8,2,1,0,Py,none,none,
2/17/2019,964,6.5,3.7,1,1,3,none,none,none,
2/17/2019,1039,8.3,4.1,0,0,0,Py,An,none,
2/17/2019,898,6.5,4.3,2,0,1,none,none,none,
2/17/2019,703,7.4,4.6,2,2,8,none,none,none,
2/17/2019,1021,6.1,4,2,1,3,Py,none,none,
2/17/2019,421,8.5,2.9,0,0,0,none,none,none,
2/17/2019,444,10.3,3.9,1,0,1,Py,none,none,
2/17/2019,728,7.4,3.2,0,0,0,none,none,none,
2/17/2019,895,7.5,4.6,1,0,3,Py,none,none,
2/17/2019,1300,6.2,2.9,0,0,0,none,none,none,
2/17/2019,915,6.7,4.9,2,0,5,Py,none,none,
2/17/2019,534,8.7,2.3,0,0,0,Py,none,none,
2/17/2019,295,7.8,1.6,0,1,1,none,none,none,
2/17/2019,1000,6,4,0,0,0,none,none,none,
2/17/2019,301,8.5,4.1,2,0,6,none,none,none,
2/17/2019,386,7.6,3.2,2,1,8,none,none,none,
2/17/2019,348,8.8,3.3,2,1,6,none,none,none,
2/18/2019,1177,9.7,3.6,0,0,0,none,none,none,
2/18/2019,480,6.1,3.4,1,0,8,Py,none,none,
2/19/2019,804,5.7,4.4,1,0,4,Py,Ul,none,
2/20/2019,372,6.9,3.3,1,1,8,Py,none,none,
2/20/2019,282,7.8,2.5,0,0,0,none,none,none,
2/20/2019,584,7.5,4.2,1,1,2,none,none,none,
2/20/2019,409,6.7,4,1,1,6,none,none,none,
2/21/2019,678,7.3,3.9,2,0,7,none,none,none,
2/21/2019,577,6.8,2.3,2,1,4,none,none,none,
2/21/2019,405,7.4,3.6,1,1,7,none,none,none,
2/21/2019,355,8.3,2.2,1,1,2,none,none,none,
2/21/2019,649,7,2.6,1,1,7,none,none,none,
2/21/2019,399,6.6,4.4,1,1,1,Py,none,none,
2/21/2019,322,8.3,2.4,0,1,4,none,none,none,
2/22/2019,439,7.4,2.9,2,0,3,none,none,none,
2/22/2019,808,6.7,2.2,0,0,0,none,none,none,Cluster 808-808
2/22/2019,808,6,2.8,0,0,0,none,none,none,
2/22/2019,672,7.5,3.5,1,0,2,none,none,none,
2/22/2019,860,5.8,3.8,2,0,8,Py,none,none,
2/23/2019,392,7.7,1.9,0,0,0,none,none,none,
2/23/2019,385,6.9,3,0,0,0,none,none,none,
2/23/2019,305,7.8,3,1,0,7,Po,none,none,
2/23/2019,397,7.5,3.1,0,0,0,none,none,none,
2/24/2019,377,7.9,1.5,0,0,1,none,none,none,
2/24/2019,416,7,5.7,0,0,0,Py,Po,none,
2/24/2019,312,6.6,1.7,0,0,0,none,none,none,
2/24/2019,709,7.7,4.3,1,1,4,Py,Po,none,
2/24/2019,401,7.2,3.1,2,0,2,Py,none,none,
2/25/2019,none,NA,NA,NA,NA,NA,NA,NA,NA,
2/26/2019,none,NA,NA,NA,NA,NA,NA,NA,NA,
2/27/2019,none,NA,NA,NA,NA,NA,NA,NA,NA,
2/28/2019,none,NA,NA,NA,NA,NA,NA,NA,NA,
3/1/2019,none,NA,NA,NA,NA,NA,NA,NA,NA,
3/2/2019,none,NA,NA,NA,NA,NA,NA,NA,NA,
3/3/2019,none,NA,NA,NA,NA,NA,NA,NA,NA,
3/4/2019,none,NA,NA,NA,NA,NA,NA,NA,NA,
3/5/2019,643,6.8,2.7,0,0,0,none,none,none,
3/5/2019,321,7.9,3,2,0,11,Py,none,none,
3/5/2019,539,7.2,3.7,1,0,1,none,none,none,
3/5/2019,369,7,2.6,1,1,6,none,none,none,
3/6/2019,351,6.8,3.3,3,0,8,Py,none,none,
3/7/2019,none,NA,NA,NA,NA,NA,NA,NA,NA,
3/8/2019,none,NA,NA,NA,NA,NA,NA,NA,NA,
3/9/2019,none,NA,NA,NA,NA,NA,NA,NA,NA,
3/10/2019,359,8.2,3.1,2,0,6,Py,An,none,
3/11/2019,337,6.8,5.1,2,1,0,Py,none,none,
3/11/2019,396,7.2,7,2,0,0,Py,Po,none,
3/11/2019,427,7.1,1.8,0,0,0,none,none,none,
3/11/2019,344,7,5.1,2,0,3,Py,none,none,
3/11/2019,383,7.1,2.5,0,0,0,none,none,none,
3/11/2019,424,7.8,5.5,2,0,4,Py,An,none,
3/11/2019,378,7.6,6.8,2,0,0,Py,An,none,
3/11/2019,500,6,5.1,3,0,8,Py,none,none,
3/12/2019,448,9,5.1,2,1,1,Py,none,none,
3/12/2019,553,6.9,1.9,0,0,0,Py,none,none,
3/12/2019,347,7.2,6.1,2,0,4,none,none,none,
3/12/2019,296,9.8,4.7,2,1,2,Py,none,none,
3/12/2019,299,7.7,4.1,2,1,10,none,none,none,
3/12/2019,263,7.4,3.6,2,0,4,none,none,none,
3/12/2019,319,9.2,3.7,2,1,6,none,none,none,
3/12/2019,450,6.8,5.2,1,1,2,Py,none,none,
3/12/2019,259,9.2,3.7,0,0,0,none,none,none,
3/12/2019,467,8.6,4,1,1,4,Py,none,none,
3/12/2019,377,7.3,5,2,0,6,Py,none,none,
3/12/2019,431,5.2,3.9,2,0,5,Py,none,none,
3/12/2019,494,7.2,5.9,1,1,11,Py,An,none,
3/12/2019,385,9.4,3.1,2,1,5,Py,none,none,
3/12/2019,644,7.2,4.1,2,0,6,Py,none,none,
3/12/2019,449,7.6,3.5,1,1,5,none,none,none,
3/12/2019,564,6.9,4.4,3,0,5,Py,none,none,
3/12/2019,387,8.1,4.8,2,0,5,none,none,none,
3/12/2019,442,6.4,4.5,2,0,12,none,none,none,
3/12/2019,402,7.8,3.9,2,0,2,An,none,none,
3/12/2019,440,7.4,2.7,0,0,0,An,none,none,
3/12/2019,425,5.4,5.4,0,0,0,none,none,none,
3/12/2019,237,9.2,3.3,1,1,4,none,none,none,
3/12/2019,226,9.5,4.1,2,1,4,none,none,none,
3/12/2019,338,6.6,6.5,2,1,6,none,none,none,
3/12/2019,385,8.4,4,2,0,4,Py,none,none,
3/12/2019,297,7.7,4.9,2,1,6,none,none,none,
3/12/2019,405,7.9,5.4,2,1,6,Py,An,none,
3/12/2019,386,6.4,4.8,2,0,1,none,none,none,Cluster 386-445
3/12/2019,445,6,4.7,2,0,6,none,none,none,
3/12/2019,562,6.2,5.9,2,0,2,none,none,none,
3/12/2019,293,7.1,3,0,0,0,none,none,none,
3/12/2019,292,8.9,5.2,3,0,3,none,none,none,
3/12/2019,367,6.3,3.1,0,0,0,none,none,none,
3/12/2019,410,6.5,4.3,3,0,8,none,none,none,
3/12/2019,443,7,3.7,0,0,0,none,none,none,
3/12/2019,499,7.4,3.8,2,0,3,none,none,none,
3/12/2019,408,7.5,5.7,2,0,3,Py,none,none,
3/12/2019,407,6.7,3.7,2,0,0,Po,none,none,
3/12/2019,725,6.7,4,2,0,7,none,none,none,
3/12/2019,387,6.8,3.6,1,1,10,none,none,none,
3/12/2019,350,7.4,2.9,2,1,5,none,none,none,
3/12/2019,398,8.4,6,1,1,0,Py,none,none,
3/12/2019,314,9.9,3.3,3,0,4,none,none,none,
3/13/2019,328,6.8,5.2,2,0,4,Py,none,none,
3/13/2019,226,6.6,3.7,2,0,0,Py,none,none,
3/13/2019,369,5.9,4.3,1,1,2,Py,none,none,
3/13/2019,447,6.5,4.1,2,0,6,Py,Po,none,
3/13/2019,721,7.9,4,2,0,0,none,none,none,
3/13/2019,378,5.3,2.8,0,0,0,Po,none,none,
3/13/2019,336,8.1,8.1,2,1,5,Py,Po,none,
3/13/2019,398,6.1,3.9,2,1,3,Py,Po,none,
3/13/2019,292,8.6,3.8,2,0,0,none,none,none,
3/13/2019,363,9.1,3.4,2,1,0,none,none,none,
3/13/2019,646,8,3.5,2,0,5,Py,Po,none,
3/13/2019,494,7.1,3.7,2,1,3,Py,none,none,
3/13/2019,333,6.9,3.4,0,0,0,none,none,none,
3/13/2019,491,7.1,3.7,2,1,8,Py,none,none,
3/13/2019,308,8,4.2,2,1,2,none,none,none,
3/13/2019,591,5.6,3.5,2,1,3,none,none,none,
3/13/2019,296,9.1,2.5,0,0,0,none,none,none,
3/13/2019,561,9.5,4.1,2,1,4,none,none,none,
3/13/2019,440,6.7,2.9,0,0,0,none,none,none,
3/13/2019,420,8.7,2.2,1,0,0,Py,none,none,
3/13/2019,259,7.1,3.6,0,0,0,none,none,none,
3/13/2019,489,7.6,4.7,2,1,7,Py,Po,none,
3/13/2019,383,5.8,3.4,0,0,0,Py,none,none,
3/13/2019,887,8.8,4,0,0,0,Py,none,none,
3/13/2019,356,7.1,5.2,2,1,7,Py,none,none,
3/13/2019,371,5,2.8,2,0,0,Py,none,none,
3/13/2019,765,9.5,5,2,0,1,Py,none,none,
3/13/2019,459,7.8,4.3,2,1,6,Py,none,none,
3/13/2019,442,8.7,5.5,2,1,4,none,none,none,
3/13/2019,447,8.4,5.5,3,0,3,Py,An,none,
3/13/2019,397,7.2,4.5,1,0,0,none,none,none,
3/13/2019,366,6,5.2,2,0,3,none,none,none,
3/13/2019,290,7.2,4.2,2,1,4,none,none,none,
3/13/2019,478,5.3,5.7,2,0,6,Py,none,none,
3/14/2019,523,9.9,4.4,2,0,7,none,none,none,
3/14/2019,338,5.8,4,2,0,6,none,none,none,
3/14/2019,255,7.5,2.5,2,0,1,none,none,none,
3/14/2019,536,6.3,4.7,2,0,1,none,none,none,
3/14/2019,281,6,4,2,0,1,none,none,none,
3/14/2019,341,7.5,3.5,2,0,1,none,none,none,
3/14/2019,460,6.6,3.7,2,0,1,Py,none,none,
3/14/2019,565,5.8,4.9,2,0,0,Py,none,none,
3/14/2019,329,6.6,4.2,2,0,2,none,none,none,
3/14/2019,488,6.7,8.8,2,0,5,Py,none,none,
3/14/2019,536,5.5,2.6,0,0,0,none,none,none,
3/14/2019,537,6.5,4.8,2,1,0,Py,Po,An,
3/14/2019,300,7.3,4.4,1,0,0,Py,none,none,
3/14/2019,475,9.8,2,0,0,0,Py,none,none,
3/14/2019,419,7.4,2.4,1,0,0,Py ,An,none,
3/14/2019,401,6.5,4.8,1,1,3,Py,An,none,
3/14/2019,293,8.7,3.7,0,0,0,Py,none,none,
3/14/2019,272,8.1,4.5,2,0,7,Py,An,none,
3/14/2019,438,6.7,5,2,0,8,Py,none,none,
3/14/2018,340,9,3.4,2,1,3,Py,An,Po,
3/14/2019,587,6.6,4.2,2,0,5,none,none,none,
3/16/2019,345,6.7,4.1,2,0,4,none,none,none,
3/15/2019,427,7.2,4.2,2,0,5,none,none,none,
3/16/2019,584,7.6,4,1,1,7,Py,none,none,
3/16/2019,554,9.2,3.1,2,0,4,Py,none,none,
3/17/2019,none,NA,NA,NA,NA,NA,NA,NA,NA,
3/18/2019,none,NA,NA,NA,NA,NA,NA,NA,NA,
3/19/2019,none,NA,NA,NA,NA,NA,NA,NA,NA,
3/20/2019,none,NA,NA,NA,NA,NA,NA,NA,NA,
3/21/2019,403,6.2,3.8,2,0,5,none,none,none,
3/22/2019,990,7,6,2,0,2,An,none,none,
3/22/2019,942,7.1,7.6,2,0,2,Py,An,none,
3/23/2019,859,6.6,6.1,1,0,1,An,none,none,
3/24/2019,307,7.3,3.7,2,1,0,Py,none,none,
3/24/2019,494,10,5.2,1,1,1,Po,none,none,
3/24/2019,407,5.3,4.8,2,0,1,Py,none,none,
3/25/2019,1213,9.2,9.3,2,0,1,An ,Ul,none,soral size: 83x4.5 cm
3/25/2019,1271,8.7,7.6,2,0,1,Py,An,none,"soral sizes: 56x3.7,63x4.6 cm"
3/25/2019,266,8.2,5.3,1,1,4,Py,none,none,
3/25/2019,1005,8.3,6.3,2,0,1,none,none,none,
3/25/2019,722,5.9,3.9,0,0,1,Py,Gb,none,
3/25/2019,596,7.3,5.3,0,0,0,Gb,none,none,
3/26/2019,997,7.4,8,0,0,0,An,none,none,
3/26/2019,904,8.5,6.8,3,0,4,Py,none,none,
3/26/2019,465,7.4,3.5,0,0,0,none,none,none,
3/26/2019,877,7.8,3.9,0,0,0,An,none,none,
3/26/2019,739,6.6,4.1,2,0,0,none,none,none,
3/26/2019,759,8.5,3.5,2,0,3,none,none,none,
3/26/2019,646,7.5,4.8,2,1,3,Py,none,none,
3/26/2019,941,7.8,6.3,2,0,4,none,none,none,
3/26/2019,484,6.2,5.3,2,0,3,Py,none,none,
3/26/2019,917,6.4,5.3,2,0,6,Py,none,none,
3/26/2019,993,9,5,0,0,0,none,none,none,
3/26/2019,985,6.3,4.9,0,0,0,An,none,none,
3/26/2019,751,7.1,7.3,2,0,3,An,none,none,
3/26/2019,910,8.8,5.6,2,0,4,An,none,none,
3/26/2019,889,7.2,10.6,2,0,2,An,none,none,
3/26/2019,916,8.2,5.5,0,0,0,An,none,none,
3/26/2019,1170,8.6,4.1,0,0,0,none,none,none,
3/27/2018,990,6.7,5.8,2,0,0,none,none,none,
3/28/2019,none,NA,NA,NA,NA,NA,NA,NA,NA,
3/29/2019,none,NA,NA,NA,NA,NA,NA,NA,NA,
3/30/2019,none,NA,NA,NA,NA,NA,NA,NA,NA,
3/31/2019,none,NA,NA,NA,NA,NA,NA,NA,NA,
4/1/2019,613,8.3,3,0,0,0,Py,none,none,
4/1/2019,384,9,6,2,1,5,Py,none,none,
4/1/2019,664,7.6,5.1,2,0,5,Py,none,none,
4/2/2019,410,6.6,4.7,2,1,4,Py,Po,none,
4/2/2019,775,6.2,7.4,2,0,1,Py,An,none,soral size: 67X3.8 cm
4/3/2019,870,6.7,5,2,0,4,Py,none,none,
4/4/2019,none,NA,NA,NA,NA,NA,NA,NA,NA,
4/5/2019,none,NA,NA,NA,NA,NA,NA,NA,NA,
4/6/2019,none,NA,NA,NA,NA,NA,NA,NA,NA,
4/7/2019,none,NA,NA,NA,NA,NA,NA,NA,NA,
4/8/2019,none,NA,NA,NA,NA,NA,NA,NA,NA,
4/9/2019,695,8.9,5,0,0,0,none,none,none,
4/10/2019,360,7.1,5.1,2,0,4,Py,none,none,
4/11/2019,none,NA,NA,NA,NA,NA,NA,NA,NA,
4/12/2019,none,NA,NA,NA,NA,NA,NA,NA,NA,
4/13/2019,462,7.5,4.4,2,0,3,none,none,none,
4/13/2019,492,7.3,7.7,1,0,1,Py,An,Po,
4/13/2019,376,8.1,6.1,1,0,3,Py,none,none,
4/14/2019,491,7,4.5,2,0,1,Py,none,none,
4/14/2019,498,9,5.3,2,0,3,Py,Po,none,
4/14/2019,1077,10.4,3.8,2,0,2,Py,Po,Hy,
4/15/2019,349,7.5,5.1,1,1,6,Py,none,none,
4/16/2019,404,8.5,5,1,1,5,Py,none,none,
4/17/2019,1305,6.9,4.8,0,0,0,An,Hy,none,
4/17/2019,663,6.3,6,0,0,2,Py,An,none,
4/17/2019,294,7.9,4.7,2,0,2,none,none,none,
4/17/2019,1499,7,7.2,2,0,1,An,none,none,
4/18/2019,410,7.2,6,2,0,6,none,none,none,
4/18/2019,641,10.6,5.6,2,0,0,Py,Hy,none,
4/18/2019,594,7.3,4.7,1,0,2,Py,none,none,
4/19/2019,313,9,5.4,2,0,2,Py,none,none,
4/19/2019,248,6.7,7,2,0,3,Py,none,none,
4/20/2019,244,6.3,6.9,3,0,3,Py,none,none,
4/21/2019,412,6.6,6.4,2,0,0,Py,Po,none,
4/22/2019,none,NA,NA,NA,NA,NA,NA,NA,NA,
4/23/2019,none,NA,NA,NA,NA,NA,NA,NA,NA,
4/24/2019,none,NA,NA,NA,NA,NA,NA,NA,NA,
4/25/2019,867,8,7.9,2,1,4,Py,none,none,
4/25/2019,798,8.5,5.7,2,1,1,Py,An,none,
4/25/2019,385,5.9,5.5,2,1,5,Py,Po,none,
4/25/2019,831,7,5.1,1,0,0,none,none,none,
4/25/2019,501,9.1,4.9,2,0,0,Py,none,none,
4/26/2019,none,NA,NA,NA,NA,NA,NA,NA,NA,
4/27/2019,none,NA,NA,NA,NA,NA,NA,NA,NA,
4/28/2019,none,NA,NA,NA,NA,NA,NA,NA,NA,
4/29/2019,519,7.2,7.6,2,0,2,Py,none,none,
4/29/2019,278,6.7,9.3,3,1,4,Py,none,none,
4/29/2019,587,7.8,7.2,2,0,1,none,none,none,
4/30/2019,none,NA,NA,NA,NA,NA,NA,NA,NA,
5/1/2019,602,8.9,9.6,2,0,0,none,none,none,Longest blade: 268 cm
5/2/2019,none,NA,NA,NA,NA,NA,NA,NA,NA,
5/3/2019,none,NA,NA,NA,NA,NA,NA,NA,NA,
5/4/2019,none,NA,NA,NA,NA,NA,NA,NA,NA,
5/5/2019,737,7.7,5.2,0,0,0,Py,none,none,
5/5/2019,434,6.8,5.6,3,0,0,Py,none,none,
5/5/2019,322,7.5,4.6,2,0,2,Py,none,none,
5/5/2019,389,8.6,6,2,1,4,Py,none,none,
5/6/2019,618,6.9,5.9,2,0,0,Py,none,none,
5/6/2019,613,7.8,7.9,2,1,0,Py,An,none,
5/7/2019,454,7.2,5.8,2,1,0,Py,none,none,
5/7/2019,759,5.9,7.2,2,0,3,Py,none,none,
5/7/2019,369,7.6,5.2,3,0,5,Py,none,none,
5/8/2019,758,7.6,8.3,2,1,5,none,none,none,
5/9/2019,276,8,6.9,2,1,6,Py,An,none,
5/9/2019,585,8.5,5.7,3,0,0,Py,none,none,Heavy Py
5/10/2019,457,4.5,6,3,0,6,Py,none,none,
5/11/2019,977,8,12.2,2,0,0,An,none,none,
5/12/2019,712,6.5,4.1,1,0,3,An,none,none,
5/12/2019,1322,6.2,11.6,2,0,0,none,none,none,
5/13/2019,none,NA,NA,NA,NA,NA,NA,NA,NA,
5/14/2019,283,7.2,6,2,0,7,Py,An,none,
5/15/2019,937,8,11.8,2,1,0,An,none,none,
5/15/2019,1200,6.1,10.8,2,0,0,Py,none,none,
5/16/2019,205,8,3.6,0,0,0,none,none,none,
5/16/2019,1247,9.2,11.4,2,0,5,Py,An,Ul,
5/16/2019,892,8.4,14,2,0,4,An,none,none,
5/16/2019,995,6.7,7.4,3,0,0,Py,An,none,
5/16/2019,574,7,8.9,2,0,0,An,none,none,
5/16/2019,1086,7.6,8.8,2,0,0,Py ,An,none,
5/16/2019,530,7.9,9.8,2,0,6,Py,none,none,
5/16/2019,1855,8.1,12.2,2,0,0,none,none,none,
5/16/2019,1067,7.4,9.7,2,0,1,An,none,none,
5/16/2019,1064,8.2,8,2,0,0,none,none,none,
5/16/2019,1039,7.4,7.1,0,0,0,An,none,none,
5/16/2019,1072,7,10.5,2,0,2,An,none,none,
5/16/2019,647,9.4,10.2,2,0,0,none,none,none,
5/16/2019,1651,8,7.9,2,1,1,Py ,An,none,
5/17/2019,1044,9,11.3,3,0,1,Py,An,none,
5/17/2019,391,7.1,10,1,1,0,Py,none,none,
5/17/2019,1109,7.2,9.2,2,0,0,Py,An,none,
5/17/2019,180,8.5,7,2,0,6,none,none,none,
5/17/2019,411,9.2,7,2,0,6,Py,none,none,
5/17/2019,781,6.4,7.2,4,0,0,Py,none,none,
5/18/2019,830,6.8,8.3,2,0,0,An,none,none,
5/19/2019,none,NA,NA,NA,NA,NA,NA,NA,NA,
5/20/2019,none,NA,NA,NA,NA,NA,NA,NA,NA,
5/21/2019,1418,8.1,11,1,0,3,Ul,none,none,
5/21/2019,1315,8.2,11.1,1,0,10,none,none,none,
5/21/2019,1544,8,9.7,2,0,1,none,none,none,
5/21/2019,622,9.4,8.8,1,0,5,Py,An,none,
5/22/2019,none,NA,NA,NA,NA,NA,NA,NA,NA,
5/23/2019,none,NA,NA,NA,NA,NA,NA,NA,NA,
5/24/2019,none,NA,NA,NA,NA,NA,NA,NA,NA,
5/25/2019,487,6.9,8.5,2,0,2,Py,none,none,
5/25/2019,620,5.7,8.4,2,0,8,Py,none,none,
5/26/2019,627,7.5,7.6,2,0,0,Py,none,none,
5/27/2019,none,NA,NA,NA,NA,NA,NA,NA,NA,
5/28/2019,none,NA,NA,NA,NA,NA,NA,NA,NA,
5/29/2019,none,NA,NA,NA,NA,NA,NA,NA,NA,
5/30/2019,none,NA,NA,NA,NA,NA,NA,NA,NA,
5/31/2019,none,NA,NA,NA,NA,NA,NA,NA,NA,
6/1/2019,none,NA,NA,NA,NA,NA,NA,NA,NA,
6/2/2019,none,NA,NA,NA,NA,NA,NA,NA,NA,
6/3/2019,none,NA,NA,NA,NA,NA,NA,NA,NA,
6/4/2019,none,NA,NA,NA,NA,NA,NA,NA,NA,
6/5/2019,none,NA,NA,NA,NA,NA,NA,NA,NA,
6/6/2019,none,NA,NA,NA,NA,NA,NA,NA,NA,
6/7/2019,none,NA,NA,NA,NA,NA,NA,NA,NA,
6/8/2019,745,8.2,10.1,1,0,0,An,none,none,
6/9/2019,588,9.8,10.1,2,0,0,An,none,none,
6/10/2019,none,NA,NA,NA,NA,NA,NA,NA,NA,
6/11/2019,none,NA,NA,NA,NA,NA,NA,NA,NA,
6/12/2019,none,NA,NA,NA,NA,NA,NA,NA,NA,
6/13/2019,none,NA,NA,NA,NA,NA,NA,NA,NA,
6/14/2019,none,NA,NA,NA,NA,NA,NA,NA,NA,
6/15/2019,none,NA,NA,NA,NA,NA,NA,NA,NA,
6/16/2019,506,8.5,10.2,2,0,0,none,none,none,
6/17/2019,none,NA,NA,NA,NA,NA,NA,NA,NA,
6/18/2019,none,NA,NA,NA,NA,NA,NA,NA,NA,
6/19/2019,none,NA,NA,NA,NA,NA,NA,NA,NA,
6/20/2019,743,7.6,8.1,2,0,4,none,none,none,
6/20/2019,627,6.5,8.6,2,0,2,none,none,none,
6/20/2019,441,7.1,10,1,0,0,Py,An,none,
6/21/2019,none,NA,NA,NA,NA,NA,NA,NA,NA,
6/22/2019,none,NA,NA,NA,NA,NA,NA,NA,NA,
6/23/2019,none,NA,NA,NA,NA,NA,NA,NA,NA,
6/24/2019,none,NA,NA,NA,NA,NA,NA,NA,NA,
6/25/2019,none,NA,NA,NA,NA,NA,NA,NA,NA,
6/26/2019,none,NA,NA,NA,NA,NA,NA,NA,NA,
6/27/2019,none,NA,NA,NA,NA,NA,NA,NA,NA,
6/28/2019,none,NA,NA,NA,NA,NA,NA,NA,NA,
6/29/2019,none,NA,NA,NA,NA,NA,NA,NA,NA,
6/30/2019,none,NA,NA,NA,NA,NA,NA,NA,NA,
7/1/2019,none,NA,NA,NA,NA,NA,NA,NA,NA,
7/2/2019,none,NA,NA,NA,NA,NA,NA,NA,NA,
7/3/2019,none,NA,NA,NA,NA,NA,NA,NA,NA,
7/4/2019,163,6.5,3,0,0,0,none,none,none,
7/4/2019,206,5.7,3.6,0,0,0,none,none,none,
7/5/2019,191,6.2,6.3,2,0,3,none,none,none,
7/5/2019,275,5.6,6.2,2,0,11,none,none,none,
7/5/2019,164,4.7,3.8,0,0,0,none,none,none,
7/5/2019,228,5.8,7.4,0,0,0,none,none,none,
7/6/2019,342,4.6,5.9,0,0,0,none,none,none,
7/6/2019,187,6.7,6.7,2,0,0,none,none,none,
7/6/2019,512,5.2,5.7,2,0,0,none,none,none,
7/6/2019,622,6.8,9.4,1,1,0,Py,An,none,
7/6/2019,342,4.8,5,0,0,0,none,none,none,
7/7/2019,213,7,6.9,2,0,1,none,none,none,
7/7/2019,162,6.5,3.4,0,0,0,none,none,none,
7/7/2019,185,6.4,8.3,3,0,2,none,none,none,
7/8/2019,736,5.9,9.5,2,0,4,Py,An,none,
7/8/2019,630,10.2,10.8,2,0,1,An,Ba,none,
7/9/2019,201,6.5,6.3,1,0,0,none,none,none,
7/9/2019,383,5.6,7.4,1,0,0,none,none,none,
7/9/2019,287,5.5,3.1,0,0,0,none,none,none,
7/10/2019,none,NA,NA,NA,NA,NA,NA,NA,NA,
7/11/2019,326,7.4,7.1,2,0,1,none,none,none,
7/11/2019,282,7.8,5.4,2,0,2,none,none,none,
7/12/2019,168,6.4,3.8,0,0,0,none,none,none,
7/12/2019,187,5.3,5.1,2,0,0,none,none,none,
7/13/2019,266,7.5,7.2,3,0,2,none,none,none,
7/13/2019,452,6.9,5.5,2,0,0,none,none,none,
1/3/1900,none,NA,NA,NA,NA,NA,NA,NA,NA,
7/16/2019,246,7.9,8,2,0,0,none,none,none,
7/16/2019,347,6.1,6.2,1,0,0,none,none,none,
7/16/2019,336,6.8,6,1,0,0,none,none,none,
7/16/2019,165,5.4,5,0,0,0,none,none,none,
7/16/2019,312,5.9,4.5,0,0,0,none,none,none,
7/16/2019,164,5.2,5.8,1,0,1,none,none,none,Cluster 164-452
7/16/2019,453,7,5.9,3,0,3,none,none,none,
7/16/2019,452,6.4,7.2,2,0,2,none,none,none,
7/16/2019,264,4.7,5.4,0,0,0,none,none,none,
7/16/2019,320,6,7,2,0,1,none,none,none,Cluster 320-329
7/16/2019,347,7.5,9.5,1,0,0,none,none,none,
7/16/2019,329,7.5,7,2,0,1,none,none,none,
7/18/2019,391,6.7,5.5,1,1,2,none,none,none,
7/18/2019,285,5.7,7.2,1,1,4,none,none,none,
7/19/2019,876,6.7,11.7,2,0,0,An,Ba,none,
7/19/2019,375,6.7,6.4,1,0,0,none,none,none,
7/19/2019,579,8.2,7.9,1,1,0,Py,An,Ba,
7/19/2019,595,7.5,11,2,0,1,none,none,none,
7/19/2019,697,5.7,7.5,2,0,0,Py,An,Ba,
7/19/2019,802,6.9,8.2,1,1,0,Py,Ba,none,
7/20/2019,none,NA,NA,NA,NA,NA,NA,NA,NA,
7/21/2019,none,NA,NA,NA,NA,NA,NA,NA,NA,
7/22/2019,none,NA,NA,NA,NA,NA,NA,NA,NA,
7/23/2019,412,6.4,3,0,0,0,none,none,none,Custer 412-444
7/23/2019,444,6.4,4.7,2,0,2,none,none,none,
7/23/2019,414,7.5,4.7,2,0,0,none,none,none,
7/23/2019,468,7.5,7.5,2,0,3,none,none,none,
7/23/2019,252,6.1,3.5,0,0,0,none,none,none,
7/24/2019,none,NA,NA,NA,NA,NA,NA,NA,NA,
7/25/2019,none,NA,NA,NA,NA,NA,NA,NA,NA,
7/26/2019,none,NA,NA,NA,NA,NA,NA,NA,NA,
7/27/2019,439,6.2,5.8,2,0,2,An,none,none,
7/28/2019,234,6,5,0,0,0,none,none,none,
7/28/2019,178,6.1,8.6,2,0,0,none,none,none,
7/28/2019,222,5.6,4.8,0,0,0,none,none,none,
7/28/2019,371,5.3,2.8,0,0,0,none,none,none,
7/28/2019,161,5.6,5.5,0,0,0,none,none,none,
7/29/2019,902,9.9,11.4,2,0,1,An,Ba,none,
7/29/2019,160,5.3,3.9,0,0,0,none,none,none,
7/29/2019,829,7.5,8.7,2,0,2,An,Ba,none,
7/30/2019,87,4.2,3.7,1,0,1,none,none,none,
7/30/2019,289,5.3,6,0,0,0,none,none,none,
7/30/2019,337,7.4,7.4,2,0,0,none,none,none,
7/30/2019,481,8.7,8.2,2,0,2,An,none,none,
7/30/2019,132,5.7,5.2,1,0,6,Py,none,none,
7/30/2019,177,5.8,6,0,0,0,none,none,none,
7/30/2019,272,4.8,4.4,0,0,0,none,none,none,
7/30/2019,206,6,8,3,0,0,none,none,none,
7/30/2019,179,5.7,5,0,0,0,none,none,none,
7/30/2019,331,7.1,7.9,3,0,4,none,none,none,
7/30/2019,610,7,10,2,0,4,Py ,An,none,
7/30/2019,204,5.9,5,2,0,0,none,none,none,
7/30/2019,197,5.7,6.2,0,0,0,none,none,none,
7/30/2019,192,8.1,5.8,2,0,4,none,none,none,
7/31/2019,600,6.8,9.3,2,0,5,Py,An,Ba,
7/31/2019,291,6.3,4.1,0,0,0,none,none,none,
7/31/2019,553,6.5,8.7,2,1,5,Py,An,Ba,
7/31/2019,602,6.2,5.4,2,0,6,Py,An,none,
7/31/2019,590,7,7.6,3,0,0,Py,An,Ba,
7/31/2019,668,6.5,8.5,2,0,1,Py,An,Ba,
7/31/2019,606,6.6,7.5,2,0,5,Py,An,Ba,
8/2/2019,364,7,6.2,0,0,0,none,none,none,
8/4/2019,637,7.4,10.5,2,0,4,Py,An,Ba,
8/5/2019,none,NA,NA,NA,NA,NA,NA,NA,NA,
8/7/2019,417,6.9,7,2,0,0,none,none,none,Cluster 417-418
8/7/2019,418,8.1,8.8,1,0,0,none,none,none,
8/7/2019,434,6.6,6.2,2,0,0,none,none,none,
8/7/2019,315,5.1,5,2,0,0,none,none,none,
8/7/2019,243,3.2,3.1,0,0,0,none,none,none,
8/7/2019,210,3.5,4.1,0,0,0,none,none,none,
8/8/2019,375,6.7,5.4,2,0,0,none,none,none,
8/8/2019,427,7.5,7.6,2,0,1,Po,none,none,
8/8/2019,332,6,6.5,2,0,1,none,none,none,
8/8/2019,140,7.1,7,2,0,0,none,none,none,
8/8/2019,524,8.1,5.1,2,0,4,none,none,none,
8/9/2019,277,6.1,6.5,3,0,4,none,none,none,
8/9/2019,295,6.6,6.4,2,1,1,none,none,none,
8/9/2019,192,6.1,6.1,1,0,0,none,none,none,
8/10/2019,285,6.6,6.5,2,0,0,none,none,none,
8/10/2019,263,5.4,4.6,1,0,0,none,none,none,
8/10/2019,434,6.3,7.9,2,0,1,none,none,none,
8/11/2019,110,5.8,4,2,1,0,none,none,none,
8/11/2019,220,4.8,6.7,1,0,0,Gb,none,none,
8/12/2019,none,NA,NA,NA,NA,NA,NA,NA,NA,
8/13/2019,467,6.5,13.7,2,0,2,Py,An,Ba,
8/14/2019,189,8.4,9.6,2,0,4,none,none,none,
8/14/2019,587,9.1,8.2,2,0,1,An,Ba,none,
8/15/2019,none,NA,NA,NA,NA,NA,NA,NA,NA,
8/17/2019,868,6.6,10,2,0,1,Py,An,Ba,
8/17/2019,270,5.7,6.9,2,0,3,none,none,none,
8/18/2019,900,6.8,11.1,3,0,4,An,Ba,none,
8/18/2019,688,7.5,7.2,2,0,5,Ba,none,none,
8/19/2019,405,6.4,7.3,2,0,0,none,none,none,
8/20/2019,268,8.9,5.7,3,0,5,none,none,none,
8/20/2019,441,5.3,5.2,4,0,0,none,none,none,
8/20/2019,186,7.5,7.8,2,0,1,Py,none,none,
8/20/2019,483,5.9,5.2,2,0,2,none,none,none,Cluster 483-437
8/20/2019,437,5,4.2,2,0,0,none,none,none,
8/20/2019,478,7.3,7.3,2,0,4,none,none,none,
8/20/2019,313,7.5,6.2,3,0,0,none,none,none,
8/20/2019,174,7.6,5.2,3,0,3,none,none,none,
8/20/2019,396,6.8,8.6,2,0,3,none,none,none,
8/20/2019,416,6.8,5.2,3,0,3,none,none,none,
8/20/2019,584,8.2,8.5,2,1,0,An ,Ba,none,
8/20/2019,503,7.3,12.4,2,0,1,none,none,none,
8/20/2019,634,7.1,7.5,2,1,1,Py ,An,Ba,
8/21/2019,269,6.1,3.3,2,0,0,none,none,none,
8/21/2019,329,7.9,7.8,2,0,0,none,none,none,
8/21/2019,111,7.3,4.9,3,0,0,none,none,none,
8/21/2019,442,9.3,7.9,3,0,3,none,none,none,Cluster 442-380
8/21/2019,381,7.3,4.2,2,0,0,none,none,none,
8/21/2019,380,8.4,6.3,2,0,7,none,none,none,
8/21/2019,505,7.3,13.2,2,0,2,Py,An,none,
8/22/2019,273,6.9,nd,3,0,4,none,none,none,
8/21/2019,301,5.3,4.8,0,0,0,none,none,none,
8/21/2019,401,6.6,6.5,2,1,1,An ,Ba,none,
8/22/2019,166,5.2,4.2,0,0,0,none,none,none,
8/22/2019,414,8,5.5,0,0,0,none,none,none,
8/22/2019,219,5.8,5.1,1,0,0,none,none,none,
8/22/2019,187,7.6,8,2,0,3,none,none,none,
8/23/2019,none,NA,NA,NA,NA,NA,NA,NA,NA,
8/25/2019,none,NA,NA,NA,NA,NA,NA,NA,NA,
8/26/2019,none,NA,NA,NA,NA,NA,NA,NA,NA,
8/27/2019,none,NA,NA,NA,NA,NA,NA,NA,NA,
8/28/2019,406,5.8,6.2,2,0,2,none,none,none,
8/28/2019,281,5.8,5.5,2,1,0,none,none,none,
8/28/2019,243,4.7,6.6,2,1,1,none,none,none,
8/29/2019,777,9.1,8.5,2,0,3,An,Ba,none,
8/29/2019,467,5.7,6.4,3,0,4,none,none,none,
8/29/2019,419,7.4,4,2,0,7,none,none,none,
8/30/2019,223,6.9,6.9,2,0,0,Cy,none,none,
8/30/2019,313,8.5,6.5,3,0,2,Cy,none,none,
8/31/2019,133,5.3,5.8,2,0,5,Po,none,none,small epiphytes
8/31/2019,417,6.8,8.6,3,0,1,Cy,none,none,
8/31/2019,318,6.4,6.1,2,0,0,Cy,none,none,
8/31/2019,380,7.3,5.3,2,1,1,Cy,none,none,
8/31/2019,401,6.6,6.7,3,0,3,Cy,none,none,
9/1/2019,607,6.8,5,0,0,0,none,none,none,
9/1/2019,225,5.4,3.9,0,0,0,none,none,none,
9/1/2019,783,6.4,7.8,3,0,1,none,none,none,
9/1/2019,298,8.2,6.5,3,0,4,Py,Cy,none,small epiphytes
9/1/2019,250,5.8,3.3,0,0,0,none,none,none,
9/1/2019,431,5.9,6.5,1,1,0,none,none,none,
9/1/2019,371,6.2,6.3,3,0,0,none,none,none,
9/1/2019,377,5.5,7.3,2,0,6,Cy,none,none,
9/1/2019,543,5.9,7,2,0,0,none,none,none,
9/1/2019,548,6.4,6.4,1,1,3,none,none,none,
9/1/2019,498,6.9,5.8,1,1,1,none,none,none,
9/2/2019,437,7.3,4.5,2,0,0,Cy,none,none,
9/2/2019,227,7.2,6.7,2,0,1,none,none,none,
9/2/2019,196,6.6,4,0,0,0,none,none,none,
9/2/2019,808,9,9.6,2,0,0,none,none,none,
9/3/2019,526,6,7.9,2,0,1,Cy,none,none,
9/3/2019,817,8.3,8.3,2,0,1,none,none,none,
9/3/2019,516,6,7.1,2,0,0,none,none,none,
9/4/2019,159,7,3.2,1,0,1,none,none,none,
9/4/2019,265,6.8,5.7,3,0,1,none,none,none,Cluster 265-240
9/4/2019,240,5.8,4.4,3,0,1,none,none,none,
9/4/2019,232,8.5,6.5,3,0,6,none,none,none,
9/4/2019,292,6.6,4.7,2,0,0,none,none,none,
9/4/2019,196,4.2,5.6,3,0,4,none,none,none,
9/4/2019,64,4.7,5.9,2,0,7,none,none,none,
9/5/2019,221,8.5,7.5,2,1,4,none,none,none,
9/5/2019,312,6.2,6.2,2,0,1,none,none,none,
9/5/2019,314,7,7.3,2,0,1,none,none,none,
9/5/2019,384,6.6,4.6,2,0,1,none,none,none,
9/5/2019,443,6.3,5.2,3,0,3,none,none,none,
9/5/2019,176,7.7,4.6,2,1,2,none,none,none,
9/5/2019,229,6.7,5.9,2,0,3,none,none,none,Cluster 229-237
9/5/2019,237,7.6,6.5,1,1,2,none,none,none,
9/5/2019,447,7.9,6.2,2,0,1,An,Ba,none,
9/5/2019,164,8.8,5.8,1,1,3,none,none,none,
9/5/2019,293,7.7,5.3,2,1,4,none,none,none,
9/5/2019,373,7.4,7.9,2,0,7,none,none,none,
9/5/2019,108,8.4,4.5,2,0,3,none,none,none,Cluster 108-148
9/5/2019,148,7.4,5.8,2,1,0,none,none,none,
9/6/2019,271,7.5,6.5,2,0,5,none,none,none,
9/6/2019,370,5.3,3.7,3,0,4,An,none,none,small epiphytes
9/6/2019,433,6.5,7.6,2,0,nd,none,none,none,small epiphytes
9/6/2019,289,6.9,6.8,2,0,3,none,none,none,
9/6/2019,529,5,5.9,3,0,6,none,none,none,Cluster 529-437
9/6/2019,437,5.7,4.9,3,0,5,none,none,none,
9/6/2019,201,7,5.2,0,0,1,none,none,none,
9/6/2019,269,6.9,6.2,3,0,4,none,none,none,
9/10/2019,none,NA,NA,NA,NA,NA,NA,NA,NA,
9/11/2019,520,7.2,11.6,2,0,1,Py,An,Ba,
9/12/2019,none,NA,NA,NA,NA,NA,NA,NA,NA,
9/13/2019,none,NA,NA,NA,NA,NA,NA,NA,NA,
9/14/2019,371,7,6.8,2,0,1,none,none,none,
9/15/2019,510,4.7,7,2,0,0,Po,none,none,small epiphytes
9/15/2019,526,6.5,6.3,2,0,5,none,none,none,
9/15/2019,366,5.7,6.1,2,0,0,Po,none,none,small epiphytes
9/15/2019,222,5.3,6.2,3,0,2,Po,none,none,small epiphytes
9/15/2019,421,5.9,5.6,2,0,0,Po,none,none,small epiphytes
9/15/2019,496,7.8,4.2,2,0,0,none,none,none,
9/15/2019,255,7.5,5.9,2,0,0,none,none,none,
9/16/2019,445,6.8,5.5,1,0,0,none,none,none,
9/16/2019,224,5.9,4.6,2,0,5,none,none,none,
9/16/2019,227,7,6.8,2,0,2,none,none,none,
9/16/2019,300,6.1,5.6,2,0,1,Po,none,none,small epiphytes
9/16/2019,387,8.1,6.4,2,0,6,none,none,none,
9/16/2019,260,5.2,5,2,0,0,none,none,none,
9/16/2019,381,8.4,5.4,2,0,1,Po,none,none,small epiphytes
9/16/2019,300,5.9,5.2,3,0,1,none,none,none,
9/16/2019,257,6.1,5.5,3,0,1,none,none,none,
9/16/2019,407,8.4,7.7,2,0,1,none,none,none,
9/16/2019,363,6.4,8.9,2,0,4,Po,none,none,small epiphytes
9/16/2019,396,5.4,5.1,2,0,0,none,none,none,
9/16/2019,225,6.7,5.7,2,0,1,Po,none,none,small epiphytes
9/16/2019,236,7.7,5.2,2,0,2,none,none,none,
9/16/2019,352,7.3,6,2,0,1,none,none,none,
9/16/2019,446,8.7,6.5,2,0,1,none,none,none,
9/16/2019,239,5,5.2,2,0,3,none,none,none,
9/16/2019,350,8.1,7.2,1,0,1,none,none,none,
9/16/2019,239,5.9,4.2,2,0,1,none,none,none,
9/16/2019,242,7.8,4.7,2,0,2,none,none,none,
9/16/2019,285,6.8,5.7,2,0,3,An,none,none,small epiphytes
9/16/2019,235,4.8,4.2,2,0,3,none,none,none,
9/16/2019,378,6.7,5.9,2,0,2,An,none,none,small epiphytes
9/17/2019,none,NA,NA,NA,NA,NA,NA,NA,NA,
9/18/2019,none,NA,NA,NA,NA,NA,NA,NA,NA,
9/19/2019,224,7.3,6.3,2,0,6,Py,none,none,"small epiphytes, Cluster 224-328"
9/19/2019,254,8.4,8.4,3,0,1,Py,none,none,small epiphytes
9/19/2019,216,6.5,5,4,0,7,Py,none,none,small epiphytes
9/19/2019,328,8.9,7.6,2,0,3,Py,none,none,small epiphytes
9/19/2019,278,6.8,5.9,2,0,1,Py,Po,none,small epiphytes
9/20/2019,419,6.5,3.3,0,0,0,none,none,none,
9/20/2019,256,6.1,6,1,0,5,none,none,none,
9/20/2019,345,6.3,4.4,2,0,2,none,none,none,Cluster 345-221
9/20/2019,346,7.8,4.9,2,0,4,none,none,none,
9/20/2019,278,6.5,4.2,2,0,2,none,none,none,
9/20/2019,178,6.6,3.8,0,0,1,Po,none,none,small epiphytes
9/20/2019,260,6.3,4.1,2,0,0,Po,none,none,small epiphytes
9/20/2019,221,5.6,2.4,0,0,0,none,none,none,
9/20/2019,367,5.7,5.7,0,0,0,none,none,none,
9/20/2019,573,6.3,4.6,2,0,0,none,none,none,
9/20/2019,456,6.1,5.1,2,0,1,Py,Po,none,"small epiphytes, Cluster 456-359"
9/20/2019,416,7,5.6,2,0,5,none,none,none,
9/20/2019,478,6,5.7,3,0,4,none,none,none,
9/20/2019,359,6.3,5,3,0,4,none,none,none,
9/20/2019,283,5.3,5.8,3,0,0,none,none,none,
9/20/2019,386,6,4.7,3,0,5,none,none,none,
9/20/2019,356,4.8,4.8,2,0,5,none,none,none,
9/22/2019,649,7.6,5.2,3,0,1,none,none,none,
9/20/2019,551,7.2,5,3,0,2,none,none,none,
9/21/2019,none,NA,NA,NA,NA,NA,NA,NA,NA,
9/22/2019,316,6.1,6,2,0,2,none,none,none,
9/23/2019,340,7.1,0.6,2,1,3,none,none,none,
9/23/2019,222,7.2,5.2,3,0,4,none,none,none,
9/23/2019,174,6.8,3.8,2,1,2,none,none,none,
9/23/2019,334,4,3.8,2,0,6,none,none,none,
9/23/2019,320,5.1,3.2,3,0,1,none,none,none,Cluster 320-361
9/23/2019,361,5.4,6.4,3,0,3,none,none,none,
9/24/2019,228,nd,5.4,1,1,0,none,none,none,
9/24/2019,258,nd,4.5,3,0,7,none,none,none,
9/26/2019,337,8.3,5.2,1,0,4,none,none,none,
9/26/2019,288,6.5,5.1,2,0,1,none,none,none,
9/26/2019,243,7.1,6,2,1,4,none,none,none,
9/26/2019,352,7.6,4.6,2,0,1,none,none,none,
9/26/2019,262,6.7,5.2,1,0,1,none,none,none,
9/26/2019,294,5.2,4.9,2,0,4,Py,none,none,small epiphytes
9/26/2019,315,7.2,4.4,2,0,2,none,none,none,
9/26/2019,332,6,4.8,2,0,2,none,none,none,
9/26/2019,149,7,5.5,2,0,2,none,none,none,
9/26/2019,221,6.1,5.1,1,0,1,none,none,none,
9/26/2019,204,6.4,4.1,0,0,0,none,none,none,
9/26/2019,217,7.1,5.1,2,0,3,none,none,none,
9/26/2019,277,7.7,5.9,2,0,4,none,none,none,
9/26/2019,256,7.9,4.8,3,0,3,none,none,none,
9/26/2019,182,7.7,6,2,0,1,none,none,none,
9/26/2019,325,7.3,5.2,2,0,4,none,none,none,
9/26/2019,283,5.9,5.1,2,0,3,none,none,none,
9/26/2019,233,6.9,6.7,2,0,1,Py,An,none,small epiphytes
9/26/2019,144,7.3,5.7,2,0,4,none,none,none,
9/26/2019,300,7.4,6.2,2,0,1,none,none,none,
9/26/2019,315,7.2,5.3,2,0,4,none,none,none,
9/26/2019,402,6.7,5.9,3,0,5,none,none,none,
9/26/2019,309,6.9,6.6,2,0,1,none,none,none,
9/26/2019,332,7.5,5.8,2,0,8,none,none,none,
9/26/2019,316,6.8,5.1,2,0,1,none,none,none,
9/26/2019,303,8,6.3,3,0,1,none,none,none,
9/26/2019,300,7.3,6.3,2,0,2,Py,none,none,small epiphytes
9/26/2019,313,7.1,5.4,2,0,1,none,none,none,
9/26/2019,273,8,5.8,2,0,1,none,none,none,
9/26/2019,325,6.9,6.2,2,0,3,Po,none,none,small epiphytes
9/26/2019,282,7.3,5.2,2,0,3,none,none,none,
9/26/2019,288,7.1,4.7,2,0,7,none,none,none,
9/26/2019,277,7.3,5,1,0,7,none,none,none,
9/26/2019,205,8.2,5.8,2,0,1,none,none,none,
9/26/2019,198,8.6,5.2,3,0,2,none,none,none,
9/26/2019,291,9.3,5,2,0,9,none,none,none,
9/26/2019,349,6.1,5,1,0,3,none,none,none,
9/26/2019,278,6.8,5.4,2,1,3,none,none,none,
9/26/2019,231,8.1,7,2,0,1,none,none,none,
9/26/2019,336,6.1,5.7,1,0,1,none,none,none,
9/27/2019,163,8.3,6.7,2,0,1,none,none,none,
9/27/2019,229,6.8,3.8,2,0,1,none,none,none,
9/27/2019,279,6.1,5,1,1,0,none,none,none,
9/27/2019,257,7.8,4.7,2,1,0,none,none,none,
9/28/2019,608,6.6,5.4,2,0,nd,Po,none,none,small epiphytes
9/28/2019,211,6.7,4.5,1,1,1,none,none,none,
9/28/2019,253,7.2,7.8,2,0,8,none,none,none,
9/28/2019,322,8.2,6.4,1,0,4,none,none,none,
9/29/2019,542,7.2,4.4,2,1,0,none,none,none,
9/29/2019,229,5.1,3,0,0,0,none,none,none,
9/29/2019,296,6.3,2.7,0,0,0,none,none,none,
9/29/2019,207,4.1,2.8,0,0,0,none,none,none,
9/29/2019,328,6.6,5.5,1,0,5,none,none,none,
9/29/2019,393,4.7,5.7,1,0,0,none,none,none,
9/29/2019,416,5.4,4.4,2,0,4,none,none,none,
9/29/2019,36,6.5,5.8,2,0,nd,none,none,none,
9/29/2019,389,5.6,4.1,0,0,0,none,none,none,
9/29/2019,195,5.6,5,2,0,2,none,none,none,
9/29/2019,484,6.7,4.3,2,1,2,Po,none,none,small epiphytes
9/29/2019,439,3.1,4.1,2,0,2,none,none,none,
9/29/2019,348,5.3,4.3,2,0,nd,none,none,none,
9/29/2019,714,5.6,4.4,2,0,5,none,none,none,
9/29/2019,407,5.3,4.8,2,0,nd,none,none,none,
9/29/2019,322,7.8,4.3,2,1,1,Po,none,none,small epiphytes
9/29/2019,836,6.5,5,3,0,1,none,none,none,
9/29/2019,416,7.3,4.8,2,0,2,none,none,none,
9/29/2019,488,5.9,7.3,2,0,1,Po,none,none,small epiphytes
9/29/2019,204,5.6,3.5,3,0,1,Po,none,none,small epiphytes
9/29/2019,334,6.6,4.8,2,0,2,none,none,none,
9/29/2019,358,9.1,5.6,2,0,2,Po,none,none,heavy epiphytes
9/29/2019,171,6.2,4.3,1,0,2,none,none,none,
9/29/2019,153,3.7,4.4,1,0,0,none,none,none,
9/29/2019,472,4.2,3.8,2,0,1,none,none,none,
9/29/2019,461,7.8,4,3,0,1,none,none,none,
9/29/2019,352,6.6,5.4,2,0,6,none,none,none,
9/29/2019,330,5.7,4.6,2,0,1,Po,none,none,small epiphytes
9/29/2019,284,5.2,4.2,2,1,0,none,none,none,
9/29/2019,200,8.5,5.4,2,0,4,Cy,none,none,
9/29/2019,263,8.1,4.5,2,0,1,Po,none,none,small epiphytes
9/29/2019,572,5.6,4.2,2,0,2,Po,none,none,small epiphytes
9/29/2019,534,7.1,3.8,2,0,1,Po,none,none,small epiphytes
9/29/2019,241,7.3,5.9,2,0,6,none,none,none,
9/29/2019,286,7.1,4.7,2,1,0,none,none,none,
9/29/2019,406,5.7,4.2,2,1,0,none,none,none,
9/30/2019,330,7.3,4.9,2,0,4,Po,none,none,heavy epiphytes
9/30/2019,378,7.4,6.8,3,0,4,none,none,none,
9/30/2019,139,8,4.2,2,0,2,none,none,none,
9/30/2019,205,5.9,4.3,2,0,2,none,none,none,
9/30/2019,397,6.7,5.8,2,0,1,none,none,none,
9/30/2019,470,7.9,5.2,2,0,4,Po,none,none,heavy epiphytes
9/30/2019,287,7.4,5,2,1,1,none,none,none,
9/30/2019,404,6.9,4.4,2,0,2,Po,none,none,heavy epiphytes
9/30/2019,523,6.6,5.6,2,0,nd,none,none,none,
9/30/2019,272,8.3,3.2,1,0,nd,Po,none,none,small epiphytes
9/30/2019,318,7.1,3.6,2,0,2,none,none,none,
9/30/2019,212,6.6,5.5,1,1,1,none,none,none,
9/30/2019,184,6.4,5.2,2,0,1,none,none,none,
9/30/2019,379,5.9,4.8,2,0,nd,Po,none,none,small epiphytes
9/30/2019,626,8.7,5,1,1,2,none,none,none,
9/30/2019,699,6.8,3.6,2,0,2,Py,none,none,small epiphytes
9/30/2019,523,6.7,3.6,0,0,0,none,none,none,
9/30/2019,552,8.4,3.6,2,0,1,Po,none,none,small epiphytes
9/30/2019,423,7.3,5.2,2,0,1,none,none,none,
9/30/2019,283,7.1,3.8,0,0,0,none,none,none,
9/30/2019,1175,7.7,7,2,0,3,none,none,none,
9/30/2019,1007,6.5,4.4,2,0,2,none,none,none,
9/30/2019,795,8.3,5,1,0,nd,none,none,none,
9/30/2019,467,7.1,4.5,2,0,6,none,none,none,
10/3/2019,270,6.6,5.4,2,0,7,none,none,none,
10/3/2019,306,6.7,4.6,2,0,4,Po,none,none,small epiphytes
10/3/2019,327,6.7,3.8,1,0,1,none,none,none,
10/3/2019,694,5.1,5.1,2,0,1,Po,none,none,small epiphytes
10/3/2019,510,7.3,3.5,2,0,3,none,none,none,
10/3/2019,232,5.4,5.4,3,0,6,none,none,none,
10/3/2019,718,6.3,6,0,1,0,none,none,none,
10/3/2019,273,6.4,3.9,2,0,4,none,none,none,
10/3/2019,245,4.3,4.4,2,0,4,none,none,none,
10/3/2019,441,8.4,3.6,2,0,3,none,none,none,
10/3/2019,231,5.8,5.1,3,0,3,none,none,none,
10/3/2019,179,4.6,4.7,2,0,2,none,none,none,
10/3/2019,276,6.5,5.6,2,0,5,none,none,none,
10/3/2019,421,7.7,3.9,2,0,3,Po,none,none,heavy epiphytes
10/3/2019,455,7,4.8,2,0,2,none,none,none,
10/3/2019,400,5.8,5.8,2,0,nd,none,none,none,
10/3/2019,173,3.9,4.9,2,0,3,Po,none,none,small epiphytes
10/3/2019,349,7.3,4.5,3,0,2,none,none,none,
10/3/2019,197,7.2,4.3,2,0,2,none,none,none,
10/3/2019,331,6.6,4.8,2,0,3,none,none,none,
10/3/2019,272,7,3.4,2,0,5,none,none,none,
10/3/2019,233,4.8,4.9,0,0,0,Po,none,none,heavy epiphytes
10/3/2019,218,5,5,3,0,3,none,none,none,
10/4/2019,224,7.2,4.5,2,0,2,none,none,none,
10/4/2019,220,6,6.1,1,0,0,none,none,none,
10/4/2019,346,6.5,3.7,2,1,3,none,none,none,
10/4/2019,427,6.7,3.5,1,0,5,none,none,none,
10/4/2019,488,6.4,6,3,0,4,Po,none,none,small epiphytes
10/4/2019,401,8,5,3,0,3,none,none,none,
10/4/2019,317,6.1,5.8,2,0,2,none,none,none,
10/4/2019,289,6.3,4.2,2,1,1,none,none,none,
10/4/2019,304,6.2,6.4,3,0,1,none,none,none,
10/4/2019,562,6.7,4.8,1,0,1,none,none,none,
10/5/2019,none,NA,NA,NA,NA,NA,NA,NA,NA,
10/6/2019,298,4.9,3.9,3,0,5,none,none,none,
10/7/2019,266,5.6,6,3,0,1,none,none,none,
10/7/2019,523,7.3,5.6,1,0,2,none,none,none,
10/7/2019,73,4.1,4.4,2,0,1,Po,none,none,small epiphytes
10/7/2019,354,5.1,5.8,3,0,2,none,none,none,
10/7/2019,191,6.2,4.2,1,0,5,none,none,none,
10/7/2019,305,4.5,3.5,1,0,5,none,none,none,
10/8/2019,312,8.7,3.7,3,0,8,none,none,none,Cluster312-314
10/8/2019,314,5.9,4.2,2,0,4,none,none,none,
10/8/2019,317,6.3,4.9,2,0,2,Po,none,none,small epiphytes
10/8/2019,365,5.7,5.3,2,0,3,none,none,none,
10/8/2019,316,4.7,4.5,2,0,4,none,none,none,
10/8/2019,346,5.5,8.6,3,0,5,none,none,none,
10/8/2019,422,5.7,5,2,0,7,none,none,none,
10/8/2019,610,7.6,4.2,2,0,2,none,none,none,
10/8/2019,160,3.9,5.7,3,0,3,Po,none,none,heavy epiphytes
10/18/2019,166,5,3.1,1,0,1,Po,none,none,heavy epiphytes
10/19/2019,none,NA,NA,NA,NA,NA,NA,NA,NA,
10/10/2019,199,6.5,5,2,0,2,none,none,none,
10/10/2019,350,6.5,6.6,3,0,1,none,none,none,
10/10/2019,322,7.6,4.7,3,0,6,none,none,none,
10/10/2019,231,5.5,4.3,2,0,4,none,none,none,
10/10/2019,236,8,5.4,2,0,5,none,none,none,
10/10/2019,293,7.3,3.6,2,0,3,none,none,none,
10/11/2019,none,NA,NA,NA,NA,NA,NA,NA,NA,
10/12/2019,none,NA,NA,NA,NA,NA,NA,NA,NA,
10/13/2019,none,NA,NA,NA,NA,NA,NA,NA,NA,
10/14/2019,260,8.1,5.7,2,0,2,none,none,none,
10/14/2019,275,8.1,5.1,1,0,nd,none,none,none,
10/14/2019,378,7.4,5,3,0,4,none,none,none,
10/14/2019,400,7.3,4.2,1,0,nd,none,none,none,
10/14/2019,265,8.1,5.2,2,0,1,none,none,none,
10/14/2019,329,7.8,4.8,1,0,4,none,none,none,
10/14/2019,417,7.4,3.7,3,0,2,none,none,none,
10/14/2019,167,6.8,3.7,2,0,3,none,none,none,
10/14/2019,211,6.9,4,2,0,3,none,none,none,
10/14/2019,625,7,4.2,2,0,2,none,none,none,
10/14/2019,260,7.2,4.3,2,0,3,none,none,none,
10/14/2019,192,7.3,5.6,1,0,4,none,none,none,
10/14/2019,257,6.7,5.5,1,0,5,none,none,none,
10/14/2019,363,7.8,4.9,2,0,3,none,none,none,
10/14/2019,319,6.9,4.7,2,0,2,none,none,none,
10/14/2019,448,8,2.5,2,0,5,none,none,none,
10/14/2019,237,7.4,4,0,0,0,Py,none,none,small epiphytes
10/14/2019,225,8.1,5.4,1,0,3,none,none,none,
10/15/2019,257,7.1,4.2,2,0,2,Po,none,none,small epiphytes
10/16/2019,466,6.5,4.1,2,0,1,none,none,none,
10/16/2019,229,6.4,6.3,2,0,3,none,none,none,
10/16/2019,337,7,6.8,2,0,2,Po,none,none,heavy epiphytes
10/16/2019,492,7.1,3.7,2,0,4,none,none,none,
10/16/2019,388,6.8,5,2,0,nd,none,none,none,
10/16/2019,383,6.1,4.8,2,0,4,Po,none,none,small epiphytes
10/16/2019,375,6,5,2,0,4,none,none,none,
10/16/2019,204,4.7,4.8,2,0,4,none,none,none,
10/16/2019,579,4.7,4.4,2,0,3,none,none,none,
10/16/2019,395,7,4.5,2,0,7,none,none,none,
10/16/2019,303,5.8,3.2,2,0,1,Po,none,none,heavy epiphytes
10/16/2019,234,5.3,4,2,0,nd,Po,none,none,heavy epiphytes
10/16/2019,394,5.4,5.1,2,0,nd,Po,none,none,heavy epiphytes
10/16/2019,301,5.3,5.3,2,0,2,Po,none,none,heavy epiphytes
10/16/2019,406,6.7,3.7,2,0,2,none,none,none,
10/16/2019,451,5.9,4.7,2,0,2,none,none,none,
10/16/2019,307,4.3,4.1,2,0,4,Po,none,none,small epiphytes
10/16/2019,412,6.8,4.6,3,0,7,none,none,none,
10/30/2019,none,NA,NA,NA,NA,NA,NA,NA,NA,
10/31/2019,none,NA,NA,NA,NA,NA,NA,NA,NA,
11/1/2019,657,6.7,4.9,2,0,3,none,none,none,
11/1/2019,226,4.9,6.8,2,0,5,Po,none,none,small epiphytes
11/1/2019,433,5.1,5.2,2,0,4,Po,none,none,heavy epiphytes
11/1/2019,344,6.2,3.7,3,0,3,Po,none,none,heavy epiphytes
11/1/2019,326,6.2,3.9,1,0,3,Po,none,none,heavy epiphytes
11/1/2019,336,5.9,4,2,0,6,Po,none,none,heavy epiphytes
11/1/2019,374,5.8,4,2,0,5,none,none,none,
11/2/2019,none,NA,NA,NA,NA,NA,NA,NA,NA,
11/3/2019,none,NA,NA,NA,NA,NA,NA,NA,NA,
11/4/2019,none,NA,NA,NA,NA,NA,NA,NA,NA,
11/5/2019,none,NA,NA,NA,NA,NA,NA,NA,NA,
11/6/2019,none,NA,NA,NA,NA,NA,NA,NA,NA,
11/7/2019,none,NA,NA,NA,NA,NA,NA,NA,NA,
11/8/2019,none,NA,NA,NA,NA,NA,NA,NA,NA,
11/9/2019,none,NA,NA,NA,NA,NA,NA,NA,NA,
11/10/2019,none,NA,NA,NA,NA,NA,NA,NA,NA,
11/11/2019,none,NA,NA,NA,NA,NA,NA,NA,NA,
11/12/2019,none,NA,NA,NA,NA,NA,NA,NA,NA,
11/13/2019,none,NA,NA,NA,NA,NA,NA,NA,NA,
11/14/2019,none,NA,NA,NA,NA,NA,NA,NA,NA,
11/15/2019,214,7,3.8,0,0,0,none,none,none,
11/15/2019,1003,9,3.2,0,0,0,none,none,none,
11/15/2019,523,8.7,5.6,2,0,4,none,none,none,
11/15/2019,507,6.8,4.9,0,0,0,none,none,none,
11/16/2019,none,NA,NA,NA,NA,NA,NA,NA,NA,
11/17/2019,none,NA,NA,NA,NA,NA,NA,NA,NA,
11/18/2019,none,NA,NA,NA,NA,NA,NA,NA,NA,
11/19/2019,1012,6.7,3.1,0,0,0,none,none,none,
11/19/2019,669,7.4,7.5,2,0,8,none,none,none,
11/19/2019,660,7,6.7,2,0,7,Po,none,none,small epiphytes
11/20/2019,559,6.9,4.5,2,0,1,Po,none,none,small epiphytes
11/20/2019,506,8,5.5,1,0,11,none,none,none,
11/20/2019,350,6.7,4.8,2,0,1,Po,Py,none,small epiphytes
11/20/2019,151,8.1,2.6,1,1,0,none,none,none,
11/20/2019,288,8.9,2.9,0,0,0,none,none,none,
11/20/2019,767,7.7,7,2,3,0,An,Hy,none,
11/20/2019,688,7.8,5.5,1,0,1,none,none,none,
11/20/2019,340,6.9,5.8,1,1,3,Py,none,none,small epiphytes
11/20/2019,820,8,6.1,2,0,10,none,none,none,
11/20/2019,279,7,3.6,1,0,1,An,none,none,
11/20/2019,104,4.4,2.9,0,0,0,none,none,none,
11/20/2019,787,8.9,5.9,2,0,5,Cy,none,none,
11/20/2019,891,5.6,4.5,2,0,5,Cy,none,none,
11/20/2019,316,6.8,3.6,1,0,4,Cy,none,none,
11/20/2019,649,6.5,6.2,2,0,6,Cy,Py,none,small epiphytes
11/21/2019,165,6.6,2.5,1,0,5,none,none,none,
11/21/2019,113,7.2,1.8,0,0,0,none,none,none,Cluster 113-169
11/21/2019,169,6.7,1.6,0,0,0,none,none,none,
11/21/2019,310,6.8,4.4,2,1,3,none,none,none,
11/22/2019,766,7.2,4.3,2,0,0,none,none,none,
11/22/2019,763,7.2,6.8,2,0,5,none,none,none,
11/23/2019,none,NA,NA,NA,NA,NA,NA,NA,NA,
11/24/2019,185,7.9,4.6,1,1,2,none,none,none,one fertile blade = 1.cm
11/25/2019,482,8.5,4.5,2,0,2,none,none,none,
11/25/2019,334,6.8,4.3,2,0,5,none,none,none,
11/25/2019,184,8.1,4.5,1,0,4,none,none,none,"fertile blades =1.3 & 2.0 cm, some releasing"
11/25/2019,344,7.5,4.9,2,1,2,none,none,none,
11/26/2019,239,6.9,5.1,1,1,6,none,none,none,
11/26/2019,331,6.1,3.8,2,0,2,Po,none,none,heavy epiphytes
11/27/2019,142,6.1,4.5,1,0,1,Po,none,none,heavy epiphytes
11/28/2019,261,7.1,4.9,3,0,1,none,none,none,
11/28/2019,270,5.7,5,2,0,7,none,none,none,
11/29/2019,282,7.6,3.4,2,1,1,none,none,none,
11/29/2019,256,6.8,3.5,2,0,1,none,none,none,
11/30/2019,none,NA,NA,NA,NA,NA,NA,NA,NA,
12/1/2019,none,NA,NA,NA,NA,NA,NA,NA,NA,
12/2/2019,none,NA,NA,NA,NA,NA,NA,NA,NA,
12/3/2019,none,NA,NA,NA,NA,NA,NA,NA,NA,
12/4/2019,246,7.1,3,0,0,0,none,none,none,
12/5/2019,150,9.8,2.7,0,0,0,none,none,none,
12/6/2019,611,7.8,6.4,2,0,7,none,none,none,
12/6/2019,354,7.4,5,0,0,1,none,none,none,
12/6/2019,910,6.5,3.7,1,0,6,Cy,none,none,
12/6/2019,665,6.2,3.9,2,0,4,Cy,none,none,
12/6/2019,1413,8.1,3.5,0,0,0,Py,An,Cy,
12/6/2019,360,7.7,4.6,2,0,5,Cy,none,none,
12/6/2019,984,7,3.4,1,0,3,Cy,none,none,Cluster 983-1030
12/6/2019,1030,8.7,3.6,1,0,2,none,none,none,
12/7/2019,none,NA,NA,NA,NA,NA,NA,NA,NA,
12/8/2019,none,NA,NA,NA,NA,NA,NA,NA,NA,
12/9/2019,none,NA,NA,NA,NA,NA,NA,NA,NA,
12/10/2019,none,NA,NA,NA,NA,NA,NA,NA,NA,
12/11/2019,none,NA,NA,NA,NA,NA,NA,NA,NA,
12/12/2019,none,NA,NA,NA,NA,NA,NA,NA,NA,
12/13/2019,757,9.3,4.9,2,1,2,Cy,none,none,
12/13/2019,442,7.3,3.4,0,0,0,none,none,none,
12/13/2019,471,7.2,3,1,0,4,none,none,none,
12/14/2019,581,6.1,3.1,0,0,0,Cy,none,none,
12/14/2019,271,7.8,3.1,0,0,1,none,none,none,
12/14/2019,210,7.4,3.8,2,0,2,none,none,none,
12/15/2019,726,6.5,4.5,2,0,2,none,none,none,
12/15/2019,745,6.6,4.6,2,0,nd,none,none,none,
12/15/2019,674,6.3,5,2,0,7,none,none,none,
12/16/2019,none,NA,NA,NA,NA,NA,NA,NA,NA,
12/17/2019,none,NA,NA,NA,NA,NA,NA,NA,NA,
12/18/2019,none,NA,NA,NA,NA,NA,NA,NA,NA,
12/20/2019,none,NA,NA,NA,NA,NA,NA,NA,NA,
12/21/2019,none,NA,NA,NA,NA,NA,NA,NA,NA,
12/22/2019,none,NA,NA,NA,NA,NA,NA,NA,NA,
12/24/2019,none,NA,NA,NA,NA,NA,NA,NA,NA,
12/25/2019,none,NA,NA,NA,NA,NA,NA,NA,NA,
12/26/2019,none,NA,NA,NA,NA,NA,NA,NA,NA,
12/27/2019,269,6.6,2.8,1,0,3,none,none,none,
12/28/2019,273,7.2,3.9,1,1,4,Po,none,none,small epiphytes
12/29/2019,358,7.8,4,2,1,3,none,none,none,
1/1/2020,490,5.1,3.7,0,0,5,none,none,none,
1/1/2020,388,7.5,3.6,0,0,2,none,none,none,
1/1/2020,300,7.1,3.8,0,0,4,none,none,none,
1/1/2020,175,7.1,3.5,0,0,1,none,none,none,
1/2/2020,none,NA,NA,NA,NA,NA,NA,NA,NA,
1/3/2020,none,NA,NA,NA,NA,NA,NA,NA,NA,
1/4/2020,none,NA,NA,NA,NA,NA,NA,NA,NA,
1/5/2020,none,NA,NA,NA,NA,NA,NA,NA,NA,
1/6/2020,none,NA,NA,NA,NA,NA,NA,NA,NA,
1/7/2020,none,NA,NA,NA,NA,NA,NA,NA,NA,
1/8/2020,none,NA,NA,NA,NA,NA,NA,NA,NA,
1/9/2020,none,NA,NA,NA,NA,NA,NA,NA,NA,
1/10/2020,none,NA,NA,NA,NA,NA,NA,NA,NA,
1/11/2020,640,5.6,4.5,1,1,5,none,none,none,
1/12/2020,389,7.7,3.8,2,0,8,none,none,none,
1/12/2020,975,8.2,4.8,1,1,1,none,none,none,
1/13/2020,407,7.8,2.9,0,0,7,none,none,none,
1/13/2020,250,8.5,3.2,0,0,3,none,none,none,
1/13/2020,386,6.9,4.9,0,0,3,none,none,none,
1/13/2020,472,8.9,2.2,0,0,0,Py,none,none,small epiphytes
1/13/2020,547,8.7,4,2,1,2,none,none,none,
1/13/2020,837,7.9,4.6,2,0,5,Ul,none,none,
1/13/2020,296,7.7,2.4,0,0,0,none,none,none,
1/13/2020,711,7.5,4.1,2,1,1,Py,none,none,small epiphytes
1/13/2020,214,6.8,1.8,0,0,2,none,none,none,
1/13/2020,149,6.8,0.8,0,0,1,none,none,none,
1/14/2020,972,6.8,3.6,0,0,1,none,none,none,
1/14/2020,343,7,3.6,2,0,2,none,none,none,
1/14/2020,390,6.1,3.6,0,0,0,none,none,none,
1/14/2020,426,8.7,4.1,2,0,2,none,none,none,
1/14/2020,293,9.3,3.1,0,0,0,none,none,none,
1/15/2020,none,NA,NA,NA,NA,NA,NA,NA,NA,
1/16/2020,594,6.9,5,2,0,4,none,none,none,
1/16/2020,722,8.7,2.2,1,0,4,Py,none,none,small epiphytes
1/16/2020,644,10.1,3.4,1,0,1,Py,An,none,small epiphytes
1/17/2020,none,NA,NA,NA,NA,NA,NA,NA,NA,
1/17/2020,none,NA,NA,NA,NA,NA,NA,NA,NA,
1/18/2020,none,NA,NA,NA,NA,NA,NA,NA,NA,
1/19/2020,none,NA,NA,NA,NA,NA,NA,NA,NA,
1/20/2020,none,NA,NA,NA,NA,NA,NA,NA,NA,
1/21/2020,none,NA,NA,NA,NA,NA,NA,NA,NA,
1/23/2020,none,NA,NA,NA,NA,NA,NA,NA,NA,
1/24/2020,none,NA,NA,NA,NA,NA,NA,NA,NA,
1/25/2020,none,NA,NA,NA,NA,NA,NA,NA,NA,
1/26/2020,none,NA,NA,NA,NA,NA,NA,NA,NA,
1/27/2020,none,NA,NA,NA,NA,NA,NA,NA,NA,
1/28/2020,none,NA,NA,NA,NA,NA,NA,NA,NA,
1/29/2020,none,NA,NA,NA,NA,NA,NA,NA,NA,
1/30/2020,none,NA,NA,NA,NA,NA,NA,NA,NA,
1/31/2020,none,NA,NA,NA,NA,NA,NA,NA,NA,
2/1/2020,none,NA,NA,NA,NA,NA,NA,NA,NA,
2/2/2020,none,NA,NA,NA,NA,NA,NA,NA,NA,
2/3/2020,none,NA,NA,NA,NA,NA,NA,NA,NA,
2/4/2020,none,NA,NA,NA,NA,NA,NA,NA,NA,
2/5/2020,none,NA,NA,NA,NA,NA,NA,NA,NA,
2/6/2020,none,NA,NA,NA,NA,NA,NA,NA,NA,5 sporophytes off survey to the north
2/7/2020,none,NA,NA,NA,NA,NA,NA,NA,NA,"1 snapped, 7 sporophytes off survey to north"
2/8/2020,none,NA,NA,NA,NA,NA,NA,NA,NA,
2/9/2020,288,6.2,3.8,1,0,4,NA,NA,NA,
2/9/2020,335,7.5,3.9,1,0,5,NA,NA,NA,
2/9/2020,252,7.9,3,0,0,1,NA,NA,NA,
2/10/2020,none,NA,NA,NA,NA,NA,NA,NA,NA,
2/11/2020,270,8.3,2.5,0,0,0,Po,NA,NA,
